{
  "tag": "w8a8_skip8",
  "engine_size_mb": 5334.7931,
  "cosine_sim_avg": 0.971292145550251,
  "max_abs_diff_peak": 7.484375,
  "mean_abs_diff_avg": 0.1749023962765932,
  "tick_latency_ms": {
    "bf16_mean": 136.3600840140134,
    "fp8_mean": 100.06827399134636,
    "fp8_p10": 98.91650034114718,
    "fp8_p90": 101.25079983845353
  },
  "speedup_vs_bf16": 1.3626704906072975,
  "matmul_counts": {
    "total_matmul_in_graph": 482,
    "weight_quantized": 353,
    "activation_qdq_pairs": 139,
    "smoothquant_applied": 0,
    "unmatched_weight_inits": 3
  },
  "smoothquant_alpha": 0.0,
  "activation_percentile": "absmax"
}