{
  "tag": "w8a8_absmax_cal2_attn",
  "engine_size_mb": 4317.19214,
  "cosine_sim_avg": 0.6380019709467888,
  "max_abs_diff_peak": 7.9375,
  "mean_abs_diff_avg": 0.6573069542646408,
  "tick_latency_ms": {
    "bf16_mean": 136.0041040275246,
    "fp8_mean": 84.72664004191756,
    "fp8_p10": 83.77080038189888,
    "fp8_p90": 85.53830021992326
  },
  "speedup_vs_bf16": 1.6052106393011463,
  "matmul_counts": {
    "total_matmul_in_graph": 482,
    "weight_quantized": 353,
    "activation_qdq_pairs": 193,
    "smoothquant_applied": 0,
    "unmatched_weight_inits": 3
  },
  "smoothquant_alpha": 0.0,
  "activation_percentile": "absmax"
}