name,category,primary_label,sign,second_scorer,third_scorer,label_strength,label_type,class_rule,population,population_n,screen_set,expected_tagged_clips,thin,difficulty,pos_anchor,neg_anchor,blurb
bright,timbre,desc.centroid,+,muq.bright,timbral.brightness,descriptor,dense,quartile (top 25% vs bottom 25% of population),music,3700,music,49,,easy,"bright, crisp, sparkling sound","dark, dull, muffled sound","Moves energy up the spectrum: bright and airy at +, dark and dull at -."
warm,timbre,desc.lowhigh_db,+,clap_music.warm,timbral.warmth,descriptor,dense,quartile (top 25% vs bottom 25% of population),music,3700,music,42,,medium,"warm, round, full-bodied sound","thin, cold, tinny sound","Low-end weight against top end: warm and round at +, thin at -. (MuQ cannot see warm.)"
noisy,timbre,desc.flatness,+,muq.noisy,,descriptor,dense,quartile (top 25% vs bottom 25% of population),music,3700,music,81,,medium,"noisy, hissy, textured sound","clean, pure tones",Noise-like spectrum versus clean tones.
percussive,timbre,desc.perc_ratio,+,muq.percussive,,descriptor,dense,quartile (top 25% vs bottom 25% of population),music,3700,music,97,,medium,"percussive, drum-driven music","sustained, smooth, legato music",Share of transient (percussive) energy versus sustained tone.
hard_attack,timbre,timbral.hardness,+,muq.hard_attack,,descriptor,dense,quartile (top 25% vs bottom 25% of population),music,3700,music,35,,medium,"hard, sharp attacks","soft, gentle attacks","Attack hardness (AudioCommons): hard hits at +, soft onsets at -."
deep,timbre,timbral.depth,+,muq.deep,,descriptor,dense,quartile (top 25% vs bottom 25% of population),music,3700,music,35,,medium,"deep, low, resonant sound","shallow, thin sound",Perceived depth (AudioCommons): deep and resonant at +.
timbral_brightness,timbre,timbral.brightness,+,muq.timbral_brightness,,descriptor,dense,quartile (top 25% vs bottom 25% of population),music,3700,music,36,,easy,bright sound,dark sound,AudioCommons brightness model; check against proxies.centroid in dedupe.
rough,timbre,timbral.roughness,+,muq.rough,,descriptor,dense,quartile (top 25% vs bottom 25% of population),music,3700,music,35,,hard,"rough, gritty, buzzing sound","smooth, pure sound","Sensory roughness (AudioCommons), the redefined rough knob."
timbral_warmth,timbre,timbral.warmth,+,muq.timbral_warmth,,descriptor,dense,quartile (top 25% vs bottom 25% of population),music,3700,music,36,,medium,warm sound,cold sound,AudioCommons warmth model; second opinion on warm.
sharp,timbre,timbral.sharpness,+,muq.sharp,,descriptor,dense,quartile (top 25% vs bottom 25% of population),music,3700,music,35,,medium,"sharp, piercing sound","blunt, rounded sound","Sharpness (AudioCommons, Zwicker-like)."
boomy,timbre,timbral.boominess,+,muq.boomy,,descriptor,dense,quartile (top 25% vs bottom 25% of population),music,3700,music,35,,medium,"boomy, booming bass","tight, lean bass",Boominess (AudioCommons): low-mid boom.
spectral_tilt,timbre,desc.tilt_db_oct,+,muq.spectral_tilt,,descriptor,dense,quartile (top 25% vs bottom 25% of population),music,3700,music,0,,easy,"bright, top-heavy mix","bass-heavy, dark mix",Spectral slope in dB/octave; the single axis behind bright and warm.
sub_bass,timbre,desc.sub_db,+,muq.sub_bass,,descriptor,dense,quartile (top 25% vs bottom 25% of population),music,3700,music,36,,easy,deep sub-bass,no sub-bass,Energy share below 60 Hz.
bass_heavy,timbre,desc.bass_db,+,muq.bass_heavy,,descriptor,dense,quartile (top 25% vs bottom 25% of population),music,3700,music,37,,easy,heavy bass,light bass,Energy share 60-250 Hz.
muddy,timbre,desc.lowmid_db,+,muq.muddy,,descriptor,dense,quartile (top 25% vs bottom 25% of population),music,3700,music,35,,medium,"muddy, boxy low mids",clear low mids,Energy share 200-500 Hz (mud).
nasal,timbre,desc.nasal_db,+,muq.nasal,,descriptor,dense,quartile (top 25% vs bottom 25% of population),music,3700,music,35,,hard,"nasal, honky midrange",scooped midrange,Energy share 800-1500 Hz.
present,timbre,desc.presence_db,+,muq.present,,descriptor,dense,quartile (top 25% vs bottom 25% of population),music,3700,music,36,,medium,"forward, present midrange","recessed, distant midrange",Energy share 2-5 kHz (presence).
airy,timbre,desc.air_db,+,muq.airy,,descriptor,dense,quartile (top 25% vs bottom 25% of population),music,3700,music,37,,medium,"airy, shimmering highs",no high-frequency air,Energy share above 12 kHz.
hf_energy,timbre,desc.hf_db,+,muq.hf_energy,,descriptor,dense,quartile (top 25% vs bottom 25% of population),music,3700,music,35,,easy,sizzling high end,rolled-off high end,Energy share 8-16 kHz (sa3judge tone.hf).
full_range,timbre,desc.bandwidth,+,muq.full_range,,descriptor,dense,quartile (top 25% vs bottom 25% of population),music,3700,music,36,,medium,"full-range, wide-band sound","narrow-band, band-limited sound",Spectral bandwidth.
tonal_harmonic,timbre,dyn.hp_ratio_db,+,muq.tonal_harmonic,,descriptor,dense,quartile (top 25% vs bottom 25% of population),music,3700,music,36,,medium,"harmonic, tonal sound","noisy, atonal sound","HPSS harmonic share (1 - percussive), with flatness as control."
high_register,timbre,dyn.pitch_centroid,+,muq.high_register,,descriptor,dense,quartile (top 25% vs bottom 25% of population),music,3700,music,37,,medium,high-pitched melody,"low-pitched, bass register","Pitch register of the tonal content: high at +, low at -."
dissonant,timbre,clap_music.dissonant,+,muq.dissonant,timbral.roughness,text_only,sparse,top 250 by score vs bottom 25% of population,music,3700,music,35,yes,hard,"dissonant, clashing harmony","consonant, sweet harmony",Sensory dissonance between partials.
glassy,timbre,clap_music.glassy,+,muq.glassy,desc.air_db,text_only,sparse,top 250 by score vs bottom 25% of population,music,3700,music,35,yes,hard,"glassy, crystalline tones","plain, neutral sound",Texture word 'glassy' scored by CLAP; DSP column as a sanity third.
metallic,timbre,clap_music.metallic,+,muq.metallic,desc.nasal_db,text_only,sparse,top 250 by score vs bottom 25% of population,music,3700,music,41,,medium,"metallic, clanging timbre","plain, neutral sound",Texture word 'metallic' scored by CLAP; DSP column as a sanity third.
wooden,timbre,clap_music.wooden,+,muq.wooden,,text_only,sparse,top 250 by score vs bottom 25% of population,music,3700,music,41,,hard,"wooden, organic timbre","plain, neutral sound",Texture word 'wooden' scored by CLAP; DSP column as a sanity third.
grainy,timbre,clap_music.grainy,+,muq.grainy,desc.flatness,text_only,sparse,top 250 by score vs bottom 25% of population,music,3700,music,35,yes,hard,"grainy, granular texture","plain, neutral sound",Texture word 'grainy' scored by CLAP; DSP column as a sanity third.
fuzzy,timbre,clap_music.fuzzy,+,muq.fuzzy,passt.Distortion,text_only,sparse,top 250 by score vs bottom 25% of population,music,3700,music,40,,medium,"fuzzy, fuzzed-out tone","plain, neutral sound",Texture word 'fuzzy' scored by CLAP; DSP column as a sanity third.
breathy,timbre,clap_music.breathy,+,muq.breathy,desc.air_db,text_only,sparse,top 250 by score vs bottom 25% of population,music,3700,music,38,yes,hard,"breathy, airy tone","plain, neutral sound",Texture word 'breathy' scored by CLAP; DSP column as a sanity third.
muted,timbre,clap_music.muted,+,muq.muted,desc.centroid,text_only,sparse,top 250 by score vs bottom 25% of population,music,3700,music,39,yes,medium,"muted, damped tone","plain, neutral sound",Texture word 'muted' scored by CLAP; DSP column as a sanity third.
crisp,timbre,clap_music.crisp,+,muq.crisp,timbral.hardness,text_only,sparse,top 250 by score vs bottom 25% of population,music,3700,music,38,yes,medium,"crisp, articulate tone","plain, neutral sound",Texture word 'crisp' scored by CLAP; DSP column as a sanity third.
mellow,timbre,clap_music.mellow,+,muq.mellow,desc.centroid,text_only,sparse,top 250 by score vs bottom 25% of population,music,3700,music,57,,medium,"mellow, gentle tone","harsh, aggressive tone",Texture word 'mellow' scored by CLAP; DSP column as a sanity third.
harsh,timbre,clap_music.harsh,+,muq.harsh,timbral.sharpness,text_only,sparse,top 250 by score vs bottom 25% of population,music,3700,music,36,yes,medium,"harsh, abrasive tone","plain, neutral sound",Texture word 'harsh' scored by CLAP; DSP column as a sanity third.
soft_timbre,timbre,clap_music.soft_timbre,+,muq.soft_timbre,dyn.lufs,text_only,sparse,top 250 by score vs bottom 25% of population,music,3700,music,53,,medium,"soft, delicate sound","plain, neutral sound",Texture word 'soft timbre' scored by CLAP; DSP column as a sanity third.
punchy,timbre,clap_music.punchy,+,muq.punchy,,text_only,sparse,top 250 by score vs bottom 25% of population,music,3700,music,61,,medium,"punchy, tight sound","plain, neutral sound",Texture word 'punchy' scored by CLAP; DSP column as a sanity third.
shimmering,timbre,clap_music.shimmering,+,muq.shimmering,desc.air_db,text_only,sparse,top 250 by score vs bottom 25% of population,music,3700,music,59,,medium,"shimmering, sparkling texture","plain, neutral sound",Texture word 'shimmering' scored by CLAP; DSP column as a sanity third.
lush,timbre,clap_music.lush,+,muq.lush,desc.bandwidth,text_only,sparse,top 250 by score vs bottom 25% of population,music,3700,music,37,yes,medium,"lush, rich, layered sound","plain, neutral sound",Texture word 'lush' scored by CLAP; DSP column as a sanity third.
thin,timbre,clap_music.thin,+,muq.thin,desc.lowhigh_db,text_only,sparse,top 250 by score vs bottom 25% of population,music,3700,music,36,yes,medium,"thin, small sound","big, full sound",Texture word 'thin' scored by CLAP; DSP column as a sanity third.
gritty,timbre,clap_music.gritty,+,muq.gritty,timbral.roughness,text_only,sparse,top 250 by score vs bottom 25% of population,music,3700,music,38,yes,medium,"gritty, dirty sound","plain, neutral sound",Texture word 'gritty' scored by CLAP; DSP column as a sanity third.
loud,dynamics,dyn.lufs,+,muq.loud,,descriptor,dense,quartile (top 25% vs bottom 25% of population),music,3700,music,70,,easy,"loud, intense music","quiet, soft music",Integrated loudness (LUFS).
dynamic,dynamics,dyn.lra,+,muq.dynamic,,descriptor,dense,quartile (top 25% vs bottom 25% of population),music,3700,music,71,,medium,dynamic music with quiet and loud passages,"flat, constant-level music",Spread of momentary loudness (p95 - p10).
uncompressed,dynamics,dyn.crest_db,+,muq.uncompressed,,descriptor,dense,quartile (top 25% vs bottom 25% of population),music,3700,music,71,,medium,"open, uncompressed, dynamic mix","heavily compressed, squashed mix","Crest factor: open at +, squashed at -."
crescendo,dynamics,dyn.loudness_slope,+,muq.crescendo,,descriptor,dense,quartile (top 25% vs bottom 25% of population),music,3700,music,72,,hard,music building up in a crescendo,"music fading out, decrescendo","Loudness trend over the clip: building at +, fading at -."
accented,dynamics,dyn.momentary_std,+,muq.accented,,descriptor,dense,quartile (top 25% vs bottom 25% of population),music,3700,music,71,,medium,"strongly accented, punchy dynamics","even, smooth dynamics",Momentary loudness variance.
sparse_silences,dynamics,dyn.silence_frac,+,muq.sparse_silences,,descriptor,dense,quartile (top 25% vs bottom 25% of population),music,3700,music,71,,hard,music with pauses and silences,continuous wall of sound,Share of near-silent frames.
transient_punch,dynamics,clap_music.transient_punch,+,muq.transient_punch,,text_only,sparse,top 250 by score vs bottom 25% of population,music,3700,music,71,,medium,punchy transients,"smeared, soft transients",Onset peak over local floor.
tremolo,dynamics,dyn.am_tremolo,+,muq.tremolo,,descriptor,dense,quartile (top 25% vs bottom 25% of population),music,3700,music,71,,hard,"tremolo, pulsing volume",steady volume,Amplitude modulation depth at 4-8 Hz.
limited,dynamics,dyn.peak_to_lufs,-,muq.limited,,descriptor,dense,quartile (top 25% vs bottom 25% of population),music,3700,music,72,,medium,"brickwall limited, loud master",quiet master with headroom,Peak-to-loudness ratio (low = limited).
clipping,dynamics,dyn.clip_frac,+,passt.Distortion,,descriptor,dense,quartile (top 25% vs bottom 25% of population),music,3700,music,0,,medium,"clipping, overloaded audio",clean audio,Fraction of near-full-scale samples.
intense,dynamics,clap_music.intense,+,muq.intense,dyn.lufs,text_only,sparse,top 250 by score vs bottom 25% of population,music,3700,music,83,,medium,"intense, powerful music","gentle, restrained music","'intense, powerful music' by CLAP text similarity."
quiet_soft,dynamics,clap_music.quiet_soft,+,muq.quiet_soft,dyn.lufs,text_only,sparse,top 250 by score vs bottom 25% of population,music,3700,music,72,,medium,"quiet, soft, delicate music",loud music,"'quiet, soft, delicate music' by CLAP text similarity."
sustained,dynamics,clap_music.sustained,+,muq.sustained,,text_only,sparse,top 250 by score vs bottom 25% of population,music,3700,music,85,,medium,long sustained notes,short detached notes,'long sustained notes' by CLAP text similarity.
staccato,dynamics,clap_music.staccato,+,muq.staccato,,text_only,sparse,top 250 by score vs bottom 25% of population,music,3700,music,72,,hard,"staccato, short detached notes","legato, connected notes","'staccato, short detached notes' by CLAP text similarity."
fast_tempo,rhythm,dyn.tempo,+,muq.fast_tempo,,descriptor,dense,quartile (top 25% vs bottom 25% of population),music,3700,music,48,,medium,"fast tempo, uptempo music",slow tempo music,Tempo (beat_this / librosa).
strong_beat,rhythm,dyn.beat_strength,+,muq.strong_beat,,descriptor,dense,quartile (top 25% vs bottom 25% of population),music,3700,music,49,,medium,"strong, driving beat","weak, floating beat",Onset energy at beats over mean.
clear_pulse,rhythm,dyn.pulse_clarity,+,muq.clear_pulse,,descriptor,dense,quartile (top 25% vs bottom 25% of population),music,3700,music,49,,medium,"steady, clear pulse","free-time, rubato, no pulse",Tempogram peak sharpness.
steady_tempo,rhythm,dyn.tempo_stability,+,muq.steady_tempo,,descriptor,dense,quartile (top 25% vs bottom 25% of population),music,3700,music,49,,hard,"metronomic, steady tempo","rubato, free tempo",1 - CV of inter-beat intervals.
syncopated,rhythm,dyn.offbeat_share,+,muq.syncopated,,descriptor,dense,quartile (top 25% vs bottom 25% of population),music,3700,music,48,,hard,"syncopated, offbeat rhythm","on-the-beat, square rhythm",Onset energy on off-beat subdivisions.
swing,rhythm,clap_music.swing,+,muq.swing,,text_only,sparse,top 250 by score vs bottom 25% of population,music,3700,music,48,,hard,"swung, shuffled rhythm",straight eighth notes,Long-short eighth ratio from onsets.
four_on_floor,rhythm,clap_music.four_on_floor,+,muq.four_on_floor,,text_only,sparse,top 250 by score vs bottom 25% of population,music,3700,music,48,,medium,four-on-the-floor kick drum,"broken, irregular kick pattern",Low-band onset periodicity at the quarter note.
busy_hats,rhythm,dyn.hf_onset_rate,+,passt.Hi-hat,,descriptor,dense,quartile (top 25% vs bottom 25% of population),music,3700,music,48,,medium,"busy, rapid hi-hats",sparse cymbals,Onset rate above 6 kHz.
event_density,rhythm,dyn.flux_mean,+,muq.event_density,,descriptor,dense,quartile (top 25% vs bottom 25% of population),music,3700,music,48,,medium,"busy, dense rhythm","sparse, minimal rhythm",SuperFlux onset rate (the density axis; production density is the minus sign).
accelerando,rhythm,clap_music.accelerando,+,muq.accelerando,,text_only,sparse,top 250 by score vs bottom 25% of population,music,3700,music,48,,hard,accelerating tempo,"slowing down, ritardando",Tempo trend within the clip.
repetitive,rhythm,clap_music.repetitive,+,muq.repetitive,,text_only,sparse,top 250 by score vs bottom 25% of population,music,3700,music,48,,medium,"repetitive, looping pattern","through-composed, evolving music",Chroma self-similarity at bar lags.
onset_rate,rhythm,desc.onset_rate,-,muq.onset_rate,dyn.flux_mean,descriptor,dense,quartile (top 25% vs bottom 25% of population),music,3700,music,0,,medium,"sparse, few notes","busy, many notes","The production density knob (+ = sparse), kept for like-for-like comparison."
dense_arrangement,rhythm,clap_music.dense_arrangement,+,muq.dense_arrangement,,text_only,sparse,top 250 by score vs bottom 25% of population,music,3700,music,49,,medium,"dense, many-layered arrangement","single line, monophonic",Simultaneous notes (polyphony).
halftime,rhythm,clap_music.halftime,+,muq.halftime,dyn.tempo,text_only,sparse,top 250 by score vs bottom 25% of population,music,3700,music,49,,hard,half-time groove,double-time groove,'half-time groove' by CLAP text similarity.
triplet_feel,rhythm,clap_music.triplet_feel,+,muq.triplet_feel,,text_only,sparse,top 250 by score vs bottom 25% of population,music,3700,music,47,,hard,"triplet feel, 12/8 rhythm",straight 4/4 rhythm,"'triplet feel, 12/8 rhythm' by CLAP text similarity."
groovy,rhythm,clap_music.groovy,+,muq.groovy,,text_only,sparse,top 250 by score vs bottom 25% of population,music,3700,music,100,,medium,"groovy, funky rhythm","stiff, mechanical rhythm","'groovy, funky rhythm' by CLAP text similarity."
polyrhythmic,rhythm,clap_music.polyrhythmic,+,muq.polyrhythmic,,text_only,sparse,top 250 by score vs bottom 25% of population,music,3700,music,49,,hard,"polyrhythmic, interlocking rhythms",simple rhythm,"'polyrhythmic, interlocking rhythms' by CLAP text similarity."
drum_fill,rhythm,clap_music.drum_fill,+,muq.drum_fill,passt.Drum roll,text_only,sparse,top 250 by score vs bottom 25% of population,music,3700,music,95,,hard,drum fills and rolls,steady beat without fills,'drum fills and rolls' by CLAP text similarity.
arpeggiated,rhythm,clap_music.arpeggiated,+,muq.arpeggiated,,text_only,sparse,top 250 by score vs bottom 25% of population,music,3700,music,57,,medium,arpeggiated pattern,sustained chords,'arpeggiated pattern' by CLAP text similarity.
ostinato,rhythm,clap_music.ostinato,+,muq.ostinato,,text_only,sparse,top 250 by score vs bottom 25% of population,music,3700,music,48,,hard,ostinato riff,free melody,'ostinato riff' by CLAP text similarity.
danceable,rhythm,clap_music.danceable,+,muq.danceable,,text_only,sparse,top 250 by score vs bottom 25% of population,music,3700,music,52,,medium,"danceable, club-ready groove","undanceable, ambient","'danceable, club-ready groove' by CLAP text similarity."
no_percussion,rhythm,clap_music.no_percussion,+,muq.no_percussion,,text_only,sparse,top 250 by score vs bottom 25% of population,music,3700,music,47,,easy,"no drums, no percussion",with drums and percussion,"'no drums, no percussion' by CLAP text similarity."
marching,rhythm,clap_music.marching,+,muq.marching,,text_only,sparse,top 250 by score vs bottom 25% of population,music,3700,music,50,,medium,marching rhythm,flowing rhythm,'marching rhythm' by CLAP text similarity.
waltz,rhythm,clap_music.waltz,+,muq.waltz,,text_only,sparse,top 250 by score vs bottom 25% of population,music,3700,music,50,,hard,waltz in three-four time,four-four time,'waltz in three-four time' by CLAP text similarity.
off_beat_skank,rhythm,clap_music.off_beat_skank,+,muq.off_beat_skank,dyn.offbeat_share,text_only,sparse,top 250 by score vs bottom 25% of population,music,3700,music,52,,hard,off-beat guitar skank,on-beat strumming,'off-beat guitar skank' by CLAP text similarity.
rolling_rhythm,rhythm,clap_music.rolling_rhythm,+,muq.rolling_rhythm,,text_only,sparse,top 250 by score vs bottom 25% of population,music,3700,music,48,,hard,"rolling, galloping rhythm",static rhythm,"'rolling, galloping rhythm' by CLAP text similarity."
reverb,space,timbral.reverb,+,passt.Reverberation,,descriptor,dense,quartile (top 25% vs bottom 25% of population),music,3700,music,163,,easy,"reverberant, wet, spacious sound","dry, close, dead room","Reverb amount: wet at +, dry at -."
wide_stereo,space,clap_music.wide_stereo,+,muq.wide_stereo,,text_only,sparse,top 250 by score vs bottom 25% of population,music,3700,music,166,,medium,wide stereo image,narrow mono image,"Stereo width (side over mid). CLAP/MuQ are mono, so the second scorer is weak: provisional grade."
pan_motion,space,clap_music.pan_motion,+,muq.pan_motion,,text_only,sparse,top 250 by score vs bottom 25% of population,music,3700,music,136,,hard,sounds panning left and right,static center image,Movement of the stereo balance over time (auto-pan). Same-family second: provisional.
echo_delay,space,passt.Echo,+,muq.echo_delay,timbral.reverb,classifier,sparse,top 250 by score vs bottom 25% of population,all,5000,music,136,,medium,echo and delay effects,studio recording,AudioSet 'Echo' probability.
small_room,space,"passt.Inside, small room",+,muq.small_room,timbral.reverb,classifier,sparse,top 250 by score vs bottom 25% of population,all,5000,music,136,,medium,recorded in a small room,studio recording,"AudioSet 'Inside, small room' probability."
large_hall,space,"passt.Inside, large room or hall",+,muq.large_hall,timbral.reverb,classifier,sparse,top 250 by score vs bottom 25% of population,all,5000,music,136,,medium,recorded in a large hall,studio recording,"AudioSet 'Inside, large room or hall' probability."
public_space,space,"passt.Inside, public space",+,muq.public_space,timbral.reverb,classifier,sparse,top 250 by score vs bottom 25% of population,all,5000,music,134,,hard,recorded in a public space,studio recording,"AudioSet 'Inside, public space' probability."
outdoors_nature,space,"passt.Outside, rural or natural",+,muq.outdoors_nature,timbral.reverb,classifier,sparse,top 250 by score vs bottom 25% of population,all,5000,music,136,,medium,recorded outdoors in nature,studio recording,"AudioSet 'Outside, rural or natural' probability."
outdoors_urban,space,"passt.Outside, urban or manmade",+,muq.outdoors_urban,timbral.reverb,classifier,sparse,top 250 by score vs bottom 25% of population,all,5000,music,136,,medium,recorded outdoors in the city,studio recording,"AudioSet 'Outside, urban or manmade' probability."
field_recording,space,passt.Field recording,+,muq.field_recording,timbral.reverb,classifier,sparse,top 250 by score vs bottom 25% of population,all,5000,music,135,,medium,field recording,studio recording,AudioSet 'Field recording' probability.
close_mic,space,clap_music.close_mic,+,muq.close_mic,timbral.reverb,text_only,sparse,top 250 by score vs bottom 25% of population,all,5000,music,136,,hard,"close-miked, intimate sound","distant, roomy sound","'close-miked, intimate sound' by CLAP text similarity."
distant,space,clap_music.distant,+,muq.distant,desc.presence_db,text_only,sparse,top 250 by score vs bottom 25% of population,all,5000,music,136,,hard,"distant, far away sound","close, upfront sound","'distant, far away sound' by CLAP text similarity."
cavernous,space,clap_music.cavernous,+,muq.cavernous,timbral.reverb,text_only,sparse,top 250 by score vs bottom 25% of population,all,5000,music,136,,medium,"cavernous, cathedral-like space",small dry room,"'cavernous, cathedral-like space' by CLAP text similarity."
underwater_space,space,clap_music.underwater_space,+,muq.underwater_space,desc.centroid,text_only,sparse,top 250 by score vs bottom 25% of population,all,5000,music,136,,medium,"underwater, submerged sound",clear open air sound,"'underwater, submerged sound' by CLAP text similarity."
production_quality,production,clap_music.production_quality,+,muq.production_quality,,text_only,sparse,top 250 by score vs bottom 25% of population,all,5000,music,181,,medium,"polished, professionally produced",low quality amateur recording,Audiobox Aesthetics PQ.
production_complexity,production,clap_music.production_complexity,+,muq.production_complexity,,text_only,sparse,top 250 by score vs bottom 25% of population,all,5000,music,48,,medium,"complex, intricate production","simple, bare production",Audiobox Aesthetics PC.
enjoyment,production,clap_music.enjoyment,+,muq.enjoyment,,text_only,sparse,top 250 by score vs bottom 25% of population,all,5000,music,0,yes,hard,"enjoyable, engaging music","boring, unpleasant music",Audiobox Aesthetics CE.
usefulness,production,clap_music.usefulness,+,muq.usefulness,,text_only,sparse,top 250 by score vs bottom 25% of population,all,5000,music,0,yes,hard,"well-crafted, usable music","unusable, broken audio",Audiobox Aesthetics CU.
distortion,production,passt.Distortion,+,muq.distortion,,classifier,sparse,top 250 by score vs bottom 25% of population,all,5000,music,50,,easy,"heavily distorted, overdriven sound",clean studio mix,AudioSet 'Distortion' probability.
vinyl_crackle,production,passt.Crackle,+,muq.vinyl_crackle,,classifier,sparse,top 250 by score vs bottom 25% of population,all,5000,music,52,,medium,vinyl crackle,clean studio mix,AudioSet 'Crackle' probability.
static_noise,production,passt.Static,+,muq.static_noise,,classifier,sparse,top 250 by score vs bottom 25% of population,all,5000,music,51,,medium,"radio static, noise",clean studio mix,AudioSet 'Static' probability.
mains_hum,production,passt.Mains hum,+,muq.mains_hum,,classifier,sparse,top 250 by score vs bottom 25% of population,all,5000,music,48,,hard,electrical hum,clean studio mix,AudioSet 'Mains hum' probability.
radio_filtered,production,passt.Radio,+,muq.radio_filtered,,classifier,sparse,top 250 by score vs bottom 25% of population,all,5000,music,48,,medium,sounds like an old AM radio,clean studio mix,AudioSet 'Radio' probability.
chorus_fx,production,passt.Chorus effect,+,muq.chorus_fx,,classifier,sparse,top 250 by score vs bottom 25% of population,all,5000,music,51,,medium,"chorus effect, detuned shimmer",clean studio mix,AudioSet 'Chorus effect' probability.
effects_pedal,production,passt.Effects unit,+,muq.effects_pedal,,classifier,sparse,top 250 by score vs bottom 25% of population,all,5000,music,68,,hard,guitar effects pedals,clean studio mix,AudioSet 'Effects unit' probability.
sfx_laden,production,passt.Sound effect,+,muq.sfx_laden,,classifier,sparse,top 250 by score vs bottom 25% of population,all,5000,music,48,,medium,music with sound effects,clean studio mix,AudioSet 'Sound effect' probability.
noise_bed,production,passt.Noise,+,muq.noise_bed,,classifier,sparse,top 250 by score vs bottom 25% of population,all,5000,music,55,,medium,a bed of noise,clean studio mix,AudioSet 'Noise' probability.
tv_audio,production,passt.Television,+,muq.tv_audio,,classifier,sparse,top 250 by score vs bottom 25% of population,all,5000,music,48,,hard,sounds like television audio,clean studio mix,AudioSet 'Television' probability.
muffled,production,desc.rolloff85,-,muq.muffled,,descriptor,dense,quartile (top 25% vs bottom 25% of population),music,3700,music,53,,easy,"muffled, low-passed sound","open, clear sound",85% spectral rolloff: muffled at +.
noise_floor,production,desc.floor_db,+,passt.Static,,descriptor,dense,quartile (top 25% vs bottom 25% of population),music,3700,music,48,,medium,"tape hiss, noisy background",silent background,Background noise floor (tape hiss).
tonal_artifacts,production,clap_music.tonal_artifacts,+,muq.tonal_artifacts,,text_only,sparse,top 250 by score vs bottom 25% of population,music,3700,music,0,yes,hard,high-pitched whine,clean,Persistent high-pitched tone (render artifact detector); expect it NOT to be a musical knob.
sidechain,production,clap_music.sidechain,+,muq.sidechain,,text_only,sparse,top 250 by score vs bottom 25% of population,music,3700,music,48,,medium,sidechain-compressed pumping,steady sustained mix,Loudness pumping at the beat rate.
lofi,production,clap_music.lofi,+,muq.lofi,,text_only,sparse,top 250 by score vs bottom 25% of population,all,5000,music,49,,easy,"lo-fi, degraded, warm tape sound","hi-fi, pristine sound","'lo-fi, degraded, warm tape sound' by CLAP text similarity."
tape_saturation,production,clap_music.tape_saturation,+,muq.tape_saturation,timbral.warmth,text_only,sparse,top 250 by score vs bottom 25% of population,all,5000,music,49,,medium,"tape saturation, analog warmth",clean digital sound,"'tape saturation, analog warmth' by CLAP text similarity."
bitcrushed,production,clap_music.bitcrushed,+,muq.bitcrushed,,text_only,sparse,top 250 by score vs bottom 25% of population,all,5000,music,48,,medium,"bitcrushed, aliased 8-bit sound",clean high-resolution sound,"'bitcrushed, aliased 8-bit sound' by CLAP text similarity."
phaser,production,clap_music.phaser,+,muq.phaser,,text_only,sparse,top 250 by score vs bottom 25% of population,all,5000,music,49,,hard,"phaser effect, swirling sound",dry sound,"'phaser effect, swirling sound' by CLAP text similarity."
flanger,production,clap_music.flanger,+,muq.flanger,,text_only,sparse,top 250 by score vs bottom 25% of population,all,5000,music,50,,hard,"flanger, jet-plane sweep",dry sound,"'flanger, jet-plane sweep' by CLAP text similarity."
filter_sweep,production,clap_music.filter_sweep,+,muq.filter_sweep,desc.rolloff85,text_only,sparse,top 250 by score vs bottom 25% of population,all,5000,music,50,,hard,"filter sweep, opening low-pass filter",static filter,"'filter sweep, opening low-pass filter' by CLAP text similarity."
glitchy,production,clap_music.glitchy,+,muq.glitchy,dyn.flux_mean,text_only,sparse,top 250 by score vs bottom 25% of population,all,5000,music,48,,medium,"glitchy, stuttering edits",smooth continuous playback,"'glitchy, stuttering edits' by CLAP text similarity."
granular,production,clap_music.granular,+,muq.granular,desc.flatness,text_only,sparse,top 250 by score vs bottom 25% of population,all,5000,music,50,,hard,"granular, smeared texture","clean, natural playback","'granular, smeared texture' by CLAP text similarity."
live_recording,production,clap_music.live_recording,+,muq.live_recording,passt.Crowd,text_only,sparse,top 250 by score vs bottom 25% of population,all,5000,music,97,,medium,live concert recording with audience,studio recording,'live concert recording with audience' by CLAP text similarity.
amateur,production,clap_music.amateur,+,muq.amateur,,text_only,sparse,top 250 by score vs bottom 25% of population,all,5000,music,87,,medium,amateur home recording,professional studio recording,'amateur home recording' by CLAP text similarity.
minimal,production,clap_music.minimal,+,muq.minimal,,text_only,sparse,top 250 by score vs bottom 25% of population,all,5000,music,49,,medium,"minimal, sparse arrangement","maximal, dense arrangement","'minimal, sparse arrangement' by CLAP text similarity."
wall_of_sound,production,clap_music.wall_of_sound,+,muq.wall_of_sound,desc.bandwidth,text_only,sparse,top 250 by score vs bottom 25% of population,all,5000,music,49,,medium,"wall of sound, huge layered mix",sparse mix,"'wall of sound, huge layered mix' by CLAP text similarity."
analog,production,clap_music.analog,+,muq.analog,,text_only,sparse,top 250 by score vs bottom 25% of population,all,5000,music,51,,hard,analog synthesizers and tape,"digital, in-the-box production",'analog synthesizers and tape' by CLAP text similarity.
cassette,production,clap_music.cassette,+,muq.cassette,desc.air_db,text_only,sparse,top 250 by score vs bottom 25% of population,all,5000,music,48,,medium,cassette tape recording,pristine digital recording,'cassette tape recording' by CLAP text similarity.
solo_instrument,production,clap_music.solo_instrument,+,muq.solo_instrument,,text_only,sparse,top 250 by score vs bottom 25% of population,all,5000,music,386,,medium,a single instrument alone,full band,'a single instrument alone' by CLAP text similarity.
overcompressed,production,clap_music.overcompressed,+,muq.overcompressed,dyn.crest_db,text_only,sparse,top 250 by score vs bottom 25% of population,all,5000,music,48,,medium,"overcompressed, pumping, loud",natural dynamics,"'overcompressed, pumping, loud' by CLAP text similarity."
dubby,production,clap_music.dubby,+,muq.dubby,passt.Echo,text_only,sparse,top 250 by score vs bottom 25% of population,all,5000,music,48,,medium,dub mixing with spring reverb and delay,dry mix,'dub mixing with spring reverb and delay' by CLAP text similarity.
pristine,production,clap_music.pristine,+,muq.pristine,,text_only,sparse,top 250 by score vs bottom 25% of population,all,5000,music,48,,medium,pristine audiophile recording,noisy recording,'pristine audiophile recording' by CLAP text similarity.
piano,instrument,passt.Piano,+,muq.piano,,classifier,sparse,top 250 by score vs bottom 25% of population,music,3700,music,106,,easy,music featuring piano,music,Adds piano; AudioSet 'Piano' probability.
electric_piano,instrument,passt.Electric piano,+,muq.electric_piano,,classifier,sparse,top 250 by score vs bottom 25% of population,music,3700,music,70,,medium,music featuring Rhodes electric piano,music,Adds Rhodes electric piano; AudioSet 'Electric piano' probability.
organ,instrument,passt.Organ,+,muq.organ,,classifier,sparse,top 250 by score vs bottom 25% of population,music,3700,music,83,,easy,music featuring pipe organ,music,Adds pipe organ; AudioSet 'Organ' probability.
hammond_organ,instrument,passt.Hammond organ,+,muq.hammond_organ,,classifier,sparse,top 250 by score vs bottom 25% of population,music,3700,music,69,,medium,music featuring Hammond organ,music,Adds Hammond organ; AudioSet 'Hammond organ' probability.
synthesizer,instrument,passt.Synthesizer,+,muq.synthesizer,,classifier,sparse,top 250 by score vs bottom 25% of population,music,3700,music,73,,easy,music featuring analog synthesizer,music,Adds analog synthesizer; AudioSet 'Synthesizer' probability.
harpsichord,instrument,passt.Harpsichord,+,muq.harpsichord,,classifier,sparse,top 250 by score vs bottom 25% of population,music,3700,music,79,,medium,music featuring harpsichord,music,Adds harpsichord; AudioSet 'Harpsichord' probability.
acoustic_guitar,instrument,passt.Acoustic guitar,+,muq.acoustic_guitar,,classifier,sparse,top 250 by score vs bottom 25% of population,music,3700,music,90,,easy,music featuring acoustic guitar,music,Adds acoustic guitar; AudioSet 'Acoustic guitar' probability.
electric_guitar,instrument,passt.Electric guitar,+,muq.electric_guitar,,classifier,sparse,top 250 by score vs bottom 25% of population,music,3700,music,121,,easy,music featuring electric guitar,music,Adds electric guitar; AudioSet 'Electric guitar' probability.
bass_guitar,instrument,passt.Bass guitar,+,muq.bass_guitar,,classifier,sparse,top 250 by score vs bottom 25% of population,music,3700,music,88,,medium,music featuring electric bass guitar,music,Adds electric bass guitar; AudioSet 'Bass guitar' probability.
slide_guitar,instrument,"passt.Steel guitar, slide guitar",+,muq.slide_guitar,,classifier,sparse,top 250 by score vs bottom 25% of population,music,3700,music,69,,medium,music featuring slide guitar,music,"Adds slide guitar; AudioSet 'Steel guitar, slide guitar' probability."
banjo,instrument,passt.Banjo,+,muq.banjo,,classifier,sparse,top 250 by score vs bottom 25% of population,music,3700,music,74,,easy,music featuring banjo,music,Adds banjo; AudioSet 'Banjo' probability.
sitar,instrument,passt.Sitar,+,muq.sitar,,classifier,sparse,top 250 by score vs bottom 25% of population,music,3700,music,72,,medium,music featuring sitar,music,Adds sitar; AudioSet 'Sitar' probability.
mandolin,instrument,passt.Mandolin,+,muq.mandolin,,classifier,sparse,top 250 by score vs bottom 25% of population,music,3700,music,70,,medium,music featuring mandolin,music,Adds mandolin; AudioSet 'Mandolin' probability.
ukulele,instrument,passt.Ukulele,+,muq.ukulele,,classifier,sparse,top 250 by score vs bottom 25% of population,music,3700,music,69,,medium,music featuring ukulele,music,Adds ukulele; AudioSet 'Ukulele' probability.
strummed_guitar,instrument,passt.Strum,+,muq.strummed_guitar,,classifier,sparse,top 250 by score vs bottom 25% of population,music,3700,music,68,,medium,music featuring strummed guitar chords,music,Adds strummed guitar chords; AudioSet 'Strum' probability.
drum_kit,instrument,passt.Drum kit,+,muq.drum_kit,,classifier,sparse,top 250 by score vs bottom 25% of population,music,3700,music,69,,easy,music featuring acoustic drum kit,music,Adds acoustic drum kit; AudioSet 'Drum kit' probability.
drum_machine,instrument,passt.Drum machine,+,muq.drum_machine,,classifier,sparse,top 250 by score vs bottom 25% of population,music,3700,music,75,,easy,music featuring drum machine,music,Adds drum machine; AudioSet 'Drum machine' probability.
snare,instrument,passt.Snare drum,+,muq.snare,,classifier,sparse,top 250 by score vs bottom 25% of population,music,3700,music,96,,medium,music featuring crisp snare drum,music,Adds crisp snare drum; AudioSet 'Snare drum' probability.
drum_roll,instrument,passt.Drum roll,+,muq.drum_roll,,classifier,sparse,top 250 by score vs bottom 25% of population,music,3700,music,72,,hard,music featuring drum rolls,music,Adds drum rolls; AudioSet 'Drum roll' probability.
kick_drum,instrument,passt.Bass drum,+,muq.kick_drum,desc.sub_db,classifier,sparse,top 250 by score vs bottom 25% of population,music,3700,music,72,,medium,music featuring booming kick drum,music,Adds booming kick drum; AudioSet 'Bass drum' probability.
timpani,instrument,passt.Timpani,+,muq.timpani,,classifier,sparse,top 250 by score vs bottom 25% of population,music,3700,music,73,,medium,music featuring timpani,music,Adds timpani; AudioSet 'Timpani' probability.
tabla,instrument,passt.Tabla,+,muq.tabla,,classifier,sparse,top 250 by score vs bottom 25% of population,music,3700,music,70,,medium,music featuring tabla,music,Adds tabla; AudioSet 'Tabla' probability.
cymbal,instrument,passt.Cymbal,+,muq.cymbal,desc.hf_db,classifier,sparse,top 250 by score vs bottom 25% of population,music,3700,music,75,,medium,music featuring crash cymbals,music,Adds crash cymbals; AudioSet 'Cymbal' probability.
hi_hat,instrument,passt.Hi-hat,+,muq.hi_hat,dyn.hf_onset_rate,classifier,sparse,top 250 by score vs bottom 25% of population,music,3700,music,71,,medium,music featuring hi-hats,music,Adds hi-hats; AudioSet 'Hi-hat' probability.
wood_block,instrument,passt.Wood block,+,muq.wood_block,,classifier,sparse,top 250 by score vs bottom 25% of population,music,3700,music,69,,hard,music featuring wood block,music,Adds wood block; AudioSet 'Wood block' probability.
tambourine,instrument,passt.Tambourine,+,muq.tambourine,,classifier,sparse,top 250 by score vs bottom 25% of population,music,3700,music,78,,medium,music featuring tambourine,music,Adds tambourine; AudioSet 'Tambourine' probability.
maracas,instrument,passt.Maraca,+,muq.maracas,,classifier,sparse,top 250 by score vs bottom 25% of population,music,3700,music,70,,hard,music featuring maracas,music,Adds maracas; AudioSet 'Maraca' probability.
gong,instrument,passt.Gong,+,muq.gong,,classifier,sparse,top 250 by score vs bottom 25% of population,music,3700,music,70,,medium,music featuring gong,music,Adds gong; AudioSet 'Gong' probability.
tubular_bells,instrument,passt.Tubular bells,+,muq.tubular_bells,,classifier,sparse,top 250 by score vs bottom 25% of population,music,3700,music,69,,medium,music featuring tubular bells,music,Adds tubular bells; AudioSet 'Tubular bells' probability.
marimba,instrument,"passt.Marimba, xylophone",+,muq.marimba,,classifier,sparse,top 250 by score vs bottom 25% of population,music,3700,music,72,,medium,music featuring marimba,music,"Adds marimba; AudioSet 'Marimba, xylophone' probability."
glockenspiel,instrument,passt.Glockenspiel,+,muq.glockenspiel,,classifier,sparse,top 250 by score vs bottom 25% of population,music,3700,music,67,,medium,music featuring glockenspiel,music,Adds glockenspiel; AudioSet 'Glockenspiel' probability.
vibraphone,instrument,passt.Vibraphone,+,muq.vibraphone,,classifier,sparse,top 250 by score vs bottom 25% of population,music,3700,music,69,,medium,music featuring vibraphone,music,Adds vibraphone; AudioSet 'Vibraphone' probability.
steelpan,instrument,passt.Steelpan,+,muq.steelpan,,classifier,sparse,top 250 by score vs bottom 25% of population,music,3700,music,69,,medium,music featuring steel drums,music,Adds steel drums; AudioSet 'Steelpan' probability.
orchestra,instrument,passt.Orchestra,+,muq.orchestra,,classifier,sparse,top 250 by score vs bottom 25% of population,music,3700,music,85,,easy,music featuring full orchestra,music,Adds full orchestra; AudioSet 'Orchestra' probability.
french_horn,instrument,passt.French horn,+,muq.french_horn,,classifier,sparse,top 250 by score vs bottom 25% of population,music,3700,music,72,,medium,music featuring French horn,music,Adds French horn; AudioSet 'French horn' probability.
trumpet,instrument,passt.Trumpet,+,muq.trumpet,,classifier,sparse,top 250 by score vs bottom 25% of population,music,3700,music,78,,easy,music featuring trumpet,music,Adds trumpet; AudioSet 'Trumpet' probability.
trombone,instrument,passt.Trombone,+,muq.trombone,,classifier,sparse,top 250 by score vs bottom 25% of population,music,3700,music,76,,medium,music featuring trombone,music,Adds trombone; AudioSet 'Trombone' probability.
brass_section,instrument,passt.Brass instrument,+,muq.brass_section,,classifier,sparse,top 250 by score vs bottom 25% of population,music,3700,music,74,,easy,music featuring brass section,music,Adds brass section; AudioSet 'Brass instrument' probability.
string_section,instrument,passt.String section,+,muq.string_section,,classifier,sparse,top 250 by score vs bottom 25% of population,music,3700,music,79,,easy,music featuring string section,music,Adds string section; AudioSet 'String section' probability.
violin,instrument,"passt.Violin, fiddle",+,muq.violin,,classifier,sparse,top 250 by score vs bottom 25% of population,music,3700,music,83,,easy,music featuring violin,music,"Adds violin; AudioSet 'Violin, fiddle' probability."
pizzicato,instrument,passt.Pizzicato,+,muq.pizzicato,,classifier,sparse,top 250 by score vs bottom 25% of population,music,3700,music,69,,medium,music featuring pizzicato strings,music,Adds pizzicato strings; AudioSet 'Pizzicato' probability.
cello,instrument,passt.Cello,+,muq.cello,,classifier,sparse,top 250 by score vs bottom 25% of population,music,3700,music,80,,medium,music featuring cello,music,Adds cello; AudioSet 'Cello' probability.
double_bass,instrument,passt.Double bass,+,muq.double_bass,,classifier,sparse,top 250 by score vs bottom 25% of population,music,3700,music,76,,medium,music featuring upright bass,music,Adds upright bass; AudioSet 'Double bass' probability.
flute,instrument,passt.Flute,+,muq.flute,,classifier,sparse,top 250 by score vs bottom 25% of population,music,3700,music,79,,easy,music featuring flute,music,Adds flute; AudioSet 'Flute' probability.
saxophone,instrument,passt.Saxophone,+,muq.saxophone,,classifier,sparse,top 250 by score vs bottom 25% of population,music,3700,music,84,,easy,music featuring saxophone,music,Adds saxophone; AudioSet 'Saxophone' probability.
clarinet,instrument,passt.Clarinet,+,muq.clarinet,,classifier,sparse,top 250 by score vs bottom 25% of population,music,3700,music,74,,medium,music featuring clarinet,music,Adds clarinet; AudioSet 'Clarinet' probability.
harp,instrument,passt.Harp,+,muq.harp,,classifier,sparse,top 250 by score vs bottom 25% of population,music,3700,music,73,,medium,music featuring harp,music,Adds harp; AudioSet 'Harp' probability.
church_bells,instrument,passt.Church bell,+,muq.church_bells,,classifier,sparse,top 250 by score vs bottom 25% of population,music,3700,music,67,,medium,music featuring church bells,music,Adds church bells; AudioSet 'Church bell' probability.
jingle_bells,instrument,passt.Jingle bell,+,muq.jingle_bells,,classifier,sparse,top 250 by score vs bottom 25% of population,music,3700,music,71,,medium,music featuring sleigh bells,music,Adds sleigh bells; AudioSet 'Jingle bell' probability.
chimes,instrument,passt.Chime,+,muq.chimes,,classifier,sparse,top 250 by score vs bottom 25% of population,music,3700,music,71,,medium,music featuring chimes,music,Adds chimes; AudioSet 'Chime' probability.
wind_chimes,instrument,passt.Wind chime,+,muq.wind_chimes,,classifier,sparse,top 250 by score vs bottom 25% of population,music,3700,music,68,,medium,music featuring wind chimes,music,Adds wind chimes; AudioSet 'Wind chime' probability.
harmonica,instrument,passt.Harmonica,+,muq.harmonica,,classifier,sparse,top 250 by score vs bottom 25% of population,music,3700,music,72,,medium,music featuring harmonica,music,Adds harmonica; AudioSet 'Harmonica' probability.
accordion,instrument,passt.Accordion,+,muq.accordion,,classifier,sparse,top 250 by score vs bottom 25% of population,music,3700,music,78,,easy,music featuring accordion,music,Adds accordion; AudioSet 'Accordion' probability.
bagpipes,instrument,passt.Bagpipes,+,muq.bagpipes,,classifier,sparse,top 250 by score vs bottom 25% of population,music,3700,music,69,,easy,music featuring bagpipes,music,Adds bagpipes; AudioSet 'Bagpipes' probability.
didgeridoo,instrument,passt.Didgeridoo,+,muq.didgeridoo,,classifier,sparse,top 250 by score vs bottom 25% of population,music,3700,music,77,,medium,music featuring didgeridoo,music,Adds didgeridoo; AudioSet 'Didgeridoo' probability.
theremin,instrument,passt.Theremin,+,muq.theremin,,classifier,sparse,top 250 by score vs bottom 25% of population,music,3700,music,72,,hard,music featuring theremin,music,Adds theremin; AudioSet 'Theremin' probability.
singing_bowl,instrument,passt.Singing bowl,+,muq.singing_bowl,,classifier,sparse,top 250 by score vs bottom 25% of population,music,3700,music,68,,medium,music featuring singing bowls,music,Adds singing bowls; AudioSet 'Singing bowl' probability.
turntable_scratch,instrument,passt.Scratching (performance technique),+,muq.turntable_scratch,,classifier,sparse,top 250 by score vs bottom 25% of population,music,3700,music,68,,medium,music featuring turntable scratching,music,Adds turntable scratching; AudioSet 'Scratching (performance technique)' probability.
cowbell,instrument,passt.Cowbell,+,muq.cowbell,,classifier,sparse,top 250 by score vs bottom 25% of population,music,3700,music,71,,medium,music featuring cowbell,music,Adds cowbell; AudioSet 'Cowbell' probability.
handclaps,instrument,passt.Clapping,+,muq.handclaps,,classifier,sparse,top 250 by score vs bottom 25% of population,music,3700,music,70,,easy,music featuring handclaps,music,Adds handclaps; AudioSet 'Clapping' probability.
finger_snaps,instrument,passt.Finger snapping,+,muq.finger_snaps,,classifier,sparse,top 250 by score vs bottom 25% of population,music,3700,music,69,,medium,music featuring finger snaps,music,Adds finger snaps; AudioSet 'Finger snapping' probability.
wurlitzer,instrument,clap_music.wurlitzer,+,muq.wurlitzer,,text_only,sparse,top 250 by score vs bottom 25% of population,music,3700,music,67,,medium,music featuring Wurlitzer electric piano,music,"Adds Wurlitzer electric piano; no AudioSet class, so CLAP/MuQ text only (plus MuseTimbre prototype)."
clavinet,instrument,clap_music.clavinet,+,muq.clavinet,,text_only,sparse,top 250 by score vs bottom 25% of population,music,3700,music,68,,medium,music featuring funky clavinet,music,"Adds funky clavinet; no AudioSet class, so CLAP/MuQ text only (plus MuseTimbre prototype)."
mellotron,instrument,clap_music.mellotron,+,muq.mellotron,,text_only,sparse,top 250 by score vs bottom 25% of population,music,3700,music,69,,hard,music featuring Mellotron flutes,music,"Adds Mellotron flutes; no AudioSet class, so CLAP/MuQ text only (plus MuseTimbre prototype)."
celesta,instrument,clap_music.celesta,+,muq.celesta,,text_only,sparse,top 250 by score vs bottom 25% of population,music,3700,music,69,,hard,music featuring celesta,music,"Adds celesta; no AudioSet class, so CLAP/MuQ text only (plus MuseTimbre prototype)."
music_box,instrument,clap_music.music_box,+,muq.music_box,,text_only,sparse,top 250 by score vs bottom 25% of population,music,3700,music,70,,medium,music featuring music box,music,"Adds music box; no AudioSet class, so CLAP/MuQ text only (plus MuseTimbre prototype)."
kalimba,instrument,clap_music.kalimba,+,muq.kalimba,,text_only,sparse,top 250 by score vs bottom 25% of population,music,3700,music,68,,medium,music featuring kalimba,music,"Adds kalimba; no AudioSet class, so CLAP/MuQ text only (plus MuseTimbre prototype)."
koto,instrument,clap_music.koto,+,muq.koto,,text_only,sparse,top 250 by score vs bottom 25% of population,music,3700,music,67,,medium,music featuring koto,music,"Adds koto; no AudioSet class, so CLAP/MuQ text only (plus MuseTimbre prototype)."
erhu,instrument,clap_music.erhu,+,muq.erhu,,text_only,sparse,top 250 by score vs bottom 25% of population,music,3700,music,67,,medium,music featuring erhu,music,"Adds erhu; no AudioSet class, so CLAP/MuQ text only (plus MuseTimbre prototype)."
guzheng,instrument,clap_music.guzheng,+,muq.guzheng,,text_only,sparse,top 250 by score vs bottom 25% of population,music,3700,music,70,,medium,music featuring guzheng,music,"Adds guzheng; no AudioSet class, so CLAP/MuQ text only (plus MuseTimbre prototype)."
oud,instrument,clap_music.oud,+,muq.oud,,text_only,sparse,top 250 by score vs bottom 25% of population,music,3700,music,71,,medium,music featuring oud,music,"Adds oud; no AudioSet class, so CLAP/MuQ text only (plus MuseTimbre prototype)."
bansuri,instrument,clap_music.bansuri,+,muq.bansuri,,text_only,sparse,top 250 by score vs bottom 25% of population,music,3700,music,69,,hard,music featuring bansuri flute,music,"Adds bansuri flute; no AudioSet class, so CLAP/MuQ text only (plus MuseTimbre prototype)."
shakuhachi,instrument,clap_music.shakuhachi,+,muq.shakuhachi,,text_only,sparse,top 250 by score vs bottom 25% of population,music,3700,music,68,,medium,music featuring shakuhachi,music,"Adds shakuhachi; no AudioSet class, so CLAP/MuQ text only (plus MuseTimbre prototype)."
djembe,instrument,clap_music.djembe,+,muq.djembe,,text_only,sparse,top 250 by score vs bottom 25% of population,music,3700,music,69,,medium,music featuring djembe,music,"Adds djembe; no AudioSet class, so CLAP/MuQ text only (plus MuseTimbre prototype)."
congas,instrument,clap_music.congas,+,muq.congas,,text_only,sparse,top 250 by score vs bottom 25% of population,music,3700,music,71,,medium,music featuring congas,music,"Adds congas; no AudioSet class, so CLAP/MuQ text only (plus MuseTimbre prototype)."
bongos,instrument,clap_music.bongos,+,muq.bongos,,text_only,sparse,top 250 by score vs bottom 25% of population,music,3700,music,70,,medium,music featuring bongos,music,"Adds bongos; no AudioSet class, so CLAP/MuQ text only (plus MuseTimbre prototype)."
taiko,instrument,clap_music.taiko,+,muq.taiko,,text_only,sparse,top 250 by score vs bottom 25% of population,music,3700,music,69,,medium,music featuring taiko drums,music,"Adds taiko drums; no AudioSet class, so CLAP/MuQ text only (plus MuseTimbre prototype)."
handpan,instrument,clap_music.handpan,+,muq.handpan,,text_only,sparse,top 250 by score vs bottom 25% of population,music,3700,music,68,,medium,music featuring handpan,music,"Adds handpan; no AudioSet class, so CLAP/MuQ text only (plus MuseTimbre prototype)."
pan_flute,instrument,clap_music.pan_flute,+,muq.pan_flute,,text_only,sparse,top 250 by score vs bottom 25% of population,music,3700,music,67,,medium,music featuring pan flute,music,"Adds pan flute; no AudioSet class, so CLAP/MuQ text only (plus MuseTimbre prototype)."
tin_whistle,instrument,clap_music.tin_whistle,+,muq.tin_whistle,,text_only,sparse,top 250 by score vs bottom 25% of population,music,3700,music,70,,medium,music featuring tin whistle,music,"Adds tin whistle; no AudioSet class, so CLAP/MuQ text only (plus MuseTimbre prototype)."
oboe,instrument,clap_music.oboe,+,muq.oboe,,text_only,sparse,top 250 by score vs bottom 25% of population,music,3700,music,70,,medium,music featuring oboe,music,"Adds oboe; no AudioSet class, so CLAP/MuQ text only (plus MuseTimbre prototype)."
bassoon,instrument,clap_music.bassoon,+,muq.bassoon,,text_only,sparse,top 250 by score vs bottom 25% of population,music,3700,music,69,,medium,music featuring bassoon,music,"Adds bassoon; no AudioSet class, so CLAP/MuQ text only (plus MuseTimbre prototype)."
tuba,instrument,clap_music.tuba,+,muq.tuba,,text_only,sparse,top 250 by score vs bottom 25% of population,music,3700,music,75,,medium,music featuring tuba,music,"Adds tuba; no AudioSet class, so CLAP/MuQ text only (plus MuseTimbre prototype)."
shaker,instrument,clap_music.shaker,+,muq.shaker,,text_only,sparse,top 250 by score vs bottom 25% of population,music,3700,music,69,,medium,music featuring shaker,music,"Adds shaker; no AudioSet class, so CLAP/MuQ text only (plus MuseTimbre prototype)."
brushed_drums,instrument,clap_music.brushed_drums,+,muq.brushed_drums,,text_only,sparse,top 250 by score vs bottom 25% of population,music,3700,music,70,,medium,music featuring brushed drums,music,"Adds brushed drums; no AudioSet class, so CLAP/MuQ text only (plus MuseTimbre prototype)."
string_quartet,instrument,clap_music.string_quartet,+,muq.string_quartet,,text_only,sparse,top 250 by score vs bottom 25% of population,music,3700,music,70,,medium,music featuring string quartet,music,"Adds string quartet; no AudioSet class, so CLAP/MuQ text only (plus MuseTimbre prototype)."
synth_pad,instrument,clap_music.synth_pad,+,muq.synth_pad,,text_only,sparse,top 250 by score vs bottom 25% of population,music,3700,music,73,,easy,music featuring lush synth pad,music,"Adds lush synth pad; no AudioSet class, so CLAP/MuQ text only (plus MuseTimbre prototype)."
synth_lead,instrument,clap_music.synth_lead,+,muq.synth_lead,,text_only,sparse,top 250 by score vs bottom 25% of population,music,3700,music,75,,easy,music featuring screaming synth lead,music,"Adds screaming synth lead; no AudioSet class, so CLAP/MuQ text only (plus MuseTimbre prototype)."
synth_bass,instrument,clap_music.synth_bass,+,muq.synth_bass,,text_only,sparse,top 250 by score vs bottom 25% of population,music,3700,music,81,,easy,music featuring synth bass,music,"Adds synth bass; no AudioSet class, so CLAP/MuQ text only (plus MuseTimbre prototype)."
bass_808,instrument,clap_music.bass_808,+,muq.bass_808,,text_only,sparse,top 250 by score vs bottom 25% of population,music,3700,music,69,,easy,music featuring 808 bass,music,"Adds 808 bass; no AudioSet class, so CLAP/MuQ text only (plus MuseTimbre prototype)."
supersaw,instrument,clap_music.supersaw,+,muq.supersaw,,text_only,sparse,top 250 by score vs bottom 25% of population,music,3700,music,69,,medium,music featuring supersaw chords,music,"Adds supersaw chords; no AudioSet class, so CLAP/MuQ text only (plus MuseTimbre prototype)."
wobble_bass,instrument,clap_music.wobble_bass,+,muq.wobble_bass,,text_only,sparse,top 250 by score vs bottom 25% of population,music,3700,music,70,,medium,music featuring wobble bass,music,"Adds wobble bass; no AudioSet class, so CLAP/MuQ text only (plus MuseTimbre prototype)."
acid_303,instrument,clap_music.acid_303,+,muq.acid_303,,text_only,sparse,top 250 by score vs bottom 25% of population,music,3700,music,68,,medium,music featuring acid 303 bassline,music,"Adds acid 303 bassline; no AudioSet class, so CLAP/MuQ text only (plus MuseTimbre prototype)."
arp_synth,instrument,clap_music.arp_synth,+,muq.arp_synth,,text_only,sparse,top 250 by score vs bottom 25% of population,music,3700,music,69,,easy,music featuring synth arpeggiator,music,"Adds synth arpeggiator; no AudioSet class, so CLAP/MuQ text only (plus MuseTimbre prototype)."
fm_bells,instrument,clap_music.fm_bells,+,muq.fm_bells,,text_only,sparse,top 250 by score vs bottom 25% of population,music,3700,music,67,,medium,music featuring FM synth bells,music,"Adds FM synth bells; no AudioSet class, so CLAP/MuQ text only (plus MuseTimbre prototype)."
modular_synth,instrument,clap_music.modular_synth,+,muq.modular_synth,,text_only,sparse,top 250 by score vs bottom 25% of population,music,3700,music,68,,hard,music featuring modular synthesizer bleeps,music,"Adds modular synthesizer bleeps; no AudioSet class, so CLAP/MuQ text only (plus MuseTimbre prototype)."
nylon_guitar,instrument,clap_music.nylon_guitar,+,muq.nylon_guitar,,text_only,sparse,top 250 by score vs bottom 25% of population,music,3700,music,67,,medium,music featuring nylon-string classical guitar,music,"Adds nylon-string classical guitar; no AudioSet class, so CLAP/MuQ text only (plus MuseTimbre prototype)."
slap_bass,instrument,clap_music.slap_bass,+,muq.slap_bass,,text_only,sparse,top 250 by score vs bottom 25% of population,music,3700,music,69,,medium,music featuring slap bass,music,"Adds slap bass; no AudioSet class, so CLAP/MuQ text only (plus MuseTimbre prototype)."
muted_trumpet,instrument,clap_music.muted_trumpet,+,muq.muted_trumpet,,text_only,sparse,top 250 by score vs bottom 25% of population,music,3700,music,70,,medium,music featuring muted trumpet,music,"Adds muted trumpet; no AudioSet class, so CLAP/MuQ text only (plus MuseTimbre prototype)."
hammered_dulcimer,instrument,clap_music.hammered_dulcimer,+,muq.hammered_dulcimer,,text_only,sparse,top 250 by score vs bottom 25% of population,music,3700,music,69,,hard,music featuring hammered dulcimer,music,"Adds hammered dulcimer; no AudioSet class, so CLAP/MuQ text only (plus MuseTimbre prototype)."
tanpura_drone,instrument,clap_music.tanpura_drone,+,muq.tanpura_drone,,text_only,sparse,top 250 by score vs bottom 25% of population,music,3700,music,68,,medium,music featuring tanpura drone,music,"Adds tanpura drone; no AudioSet class, so CLAP/MuQ text only (plus MuseTimbre prototype)."
harmonium,instrument,clap_music.harmonium,+,muq.harmonium,,text_only,sparse,top 250 by score vs bottom 25% of population,music,3700,music,68,,medium,music featuring harmonium,music,"Adds harmonium; no AudioSet class, so CLAP/MuQ text only (plus MuseTimbre prototype)."
gamelan,instrument,clap_music.gamelan,+,muq.gamelan,,text_only,sparse,top 250 by score vs bottom 25% of population,music,3700,music,68,,medium,music featuring gamelan ensemble,music,"Adds gamelan ensemble; no AudioSet class, so CLAP/MuQ text only (plus MuseTimbre prototype)."
pop,genre,passt.Pop music,+,muq.pop,,classifier,sparse,top 250 by score vs bottom 25% of population,music,3700,music,79,,easy,pop music,music,Pushes toward pop; AudioSet 'Pop music'.
hip_hop,genre,passt.Hip hop music,+,muq.hip_hop,,classifier,sparse,top 250 by score vs bottom 25% of population,music,3700,music,55,,easy,hip hop music,music,Pushes toward hip hop; AudioSet 'Hip hop music'.
rock,genre,passt.Rock music,+,muq.rock,,classifier,sparse,top 250 by score vs bottom 25% of population,music,3700,music,93,,easy,rock music,music,Pushes toward rock; AudioSet 'Rock music'.
heavy_metal,genre,passt.Heavy metal,+,muq.heavy_metal,,classifier,sparse,top 250 by score vs bottom 25% of population,music,3700,music,55,,easy,heavy metal music,music,Pushes toward heavy metal; AudioSet 'Heavy metal'.
punk,genre,passt.Punk rock,+,muq.punk,,classifier,sparse,top 250 by score vs bottom 25% of population,music,3700,music,53,,medium,punk rock music,music,Pushes toward punk rock; AudioSet 'Punk rock'.
grunge,genre,passt.Grunge,+,muq.grunge,,classifier,sparse,top 250 by score vs bottom 25% of population,music,3700,music,52,,medium,grunge music,music,Pushes toward grunge; AudioSet 'Grunge'.
prog_rock,genre,passt.Progressive rock,+,muq.prog_rock,,classifier,sparse,top 250 by score vs bottom 25% of population,music,3700,music,53,,medium,progressive rock music,music,Pushes toward progressive rock; AudioSet 'Progressive rock'.
rock_and_roll,genre,passt.Rock and roll,+,muq.rock_and_roll,,classifier,sparse,top 250 by score vs bottom 25% of population,music,3700,music,52,,medium,rock and roll music,music,Pushes toward rock and roll; AudioSet 'Rock and roll'.
psych_rock,genre,passt.Psychedelic rock,+,muq.psych_rock,,classifier,sparse,top 250 by score vs bottom 25% of population,music,3700,music,51,,medium,psychedelic rock music,music,Pushes toward psychedelic rock; AudioSet 'Psychedelic rock'.
rnb,genre,passt.Rhythm and blues,+,muq.rnb,,classifier,sparse,top 250 by score vs bottom 25% of population,music,3700,music,55,,medium,R&B music,music,Pushes toward R&B; AudioSet 'Rhythm and blues'.
soul,genre,passt.Soul music,+,muq.soul,,classifier,sparse,top 250 by score vs bottom 25% of population,music,3700,music,55,,medium,soul music,music,Pushes toward soul; AudioSet 'Soul music'.
reggae,genre,passt.Reggae,+,muq.reggae,,classifier,sparse,top 250 by score vs bottom 25% of population,music,3700,music,53,,easy,reggae music,music,Pushes toward reggae; AudioSet 'Reggae'.
country,genre,passt.Country,+,muq.country,,classifier,sparse,top 250 by score vs bottom 25% of population,music,3700,music,61,,easy,country music,music,Pushes toward country; AudioSet 'Country'.
swing_music,genre,passt.Swing music,+,muq.swing_music,,classifier,sparse,top 250 by score vs bottom 25% of population,music,3700,music,58,,medium,swing music,music,Pushes toward swing; AudioSet 'Swing music'.
bluegrass,genre,passt.Bluegrass,+,muq.bluegrass,,classifier,sparse,top 250 by score vs bottom 25% of population,music,3700,music,53,,medium,bluegrass music,music,Pushes toward bluegrass; AudioSet 'Bluegrass'.
funk,genre,passt.Funk,+,muq.funk,,classifier,sparse,top 250 by score vs bottom 25% of population,music,3700,music,55,,easy,funk music,music,Pushes toward funk; AudioSet 'Funk'.
folk,genre,passt.Folk music,+,muq.folk,,classifier,sparse,top 250 by score vs bottom 25% of population,music,3700,music,66,,easy,folk music,music,Pushes toward folk; AudioSet 'Folk music'.
middle_eastern,genre,passt.Middle Eastern music,+,muq.middle_eastern,,classifier,sparse,top 250 by score vs bottom 25% of population,music,3700,music,54,,medium,Middle Eastern music,music,Pushes toward Middle Eastern; AudioSet 'Middle Eastern music'.
jazz,genre,passt.Jazz,+,muq.jazz,,classifier,sparse,top 250 by score vs bottom 25% of population,music,3700,music,74,,easy,jazz music,music,Pushes toward jazz; AudioSet 'Jazz'.
disco,genre,passt.Disco,+,muq.disco,,classifier,sparse,top 250 by score vs bottom 25% of population,music,3700,music,52,,easy,disco music,music,Pushes toward disco; AudioSet 'Disco'.
classical,genre,passt.Classical music,+,muq.classical,,classifier,sparse,top 250 by score vs bottom 25% of population,music,3700,music,79,,easy,classical music,music,Pushes toward classical; AudioSet 'Classical music'.
electronic,genre,passt.Electronic music,+,muq.electronic,,classifier,sparse,top 250 by score vs bottom 25% of population,music,3700,music,82,,easy,electronic music,music,Pushes toward electronic; AudioSet 'Electronic music'.
house,genre,passt.House music,+,muq.house,,classifier,sparse,top 250 by score vs bottom 25% of population,music,3700,music,57,,easy,house music,music,Pushes toward house; AudioSet 'House music'.
techno,genre,passt.Techno,+,muq.techno,,classifier,sparse,top 250 by score vs bottom 25% of population,music,3700,music,62,,easy,techno music,music,Pushes toward techno; AudioSet 'Techno'.
dubstep,genre,passt.Dubstep,+,muq.dubstep,,classifier,sparse,top 250 by score vs bottom 25% of population,music,3700,music,52,,easy,dubstep music,music,Pushes toward dubstep; AudioSet 'Dubstep'.
drum_and_bass,genre,passt.Drum and bass,+,muq.drum_and_bass,,classifier,sparse,top 250 by score vs bottom 25% of population,music,3700,music,51,,easy,drum and bass music,music,Pushes toward drum and bass; AudioSet 'Drum and bass'.
electronica,genre,passt.Electronica,+,muq.electronica,,classifier,sparse,top 250 by score vs bottom 25% of population,music,3700,music,51,,medium,electronica music,music,Pushes toward electronica; AudioSet 'Electronica'.
edm,genre,passt.Electronic dance music,+,muq.edm,,classifier,sparse,top 250 by score vs bottom 25% of population,music,3700,music,55,,easy,EDM music,music,Pushes toward EDM; AudioSet 'Electronic dance music'.
ambient,genre,passt.Ambient music,+,muq.ambient,,classifier,sparse,top 250 by score vs bottom 25% of population,music,3700,music,74,,easy,ambient music,music,Pushes toward ambient; AudioSet 'Ambient music'.
trance,genre,passt.Trance music,+,muq.trance,,classifier,sparse,top 250 by score vs bottom 25% of population,music,3700,music,59,,easy,trance music,music,Pushes toward trance; AudioSet 'Trance music'.
latin,genre,passt.Music of Latin America,+,muq.latin,,classifier,sparse,top 250 by score vs bottom 25% of population,music,3700,music,56,,medium,Latin music,music,Pushes toward Latin; AudioSet 'Music of Latin America'.
salsa,genre,passt.Salsa music,+,muq.salsa,,classifier,sparse,top 250 by score vs bottom 25% of population,music,3700,music,50,,medium,salsa music,music,Pushes toward salsa; AudioSet 'Salsa music'.
flamenco,genre,passt.Flamenco,+,muq.flamenco,,classifier,sparse,top 250 by score vs bottom 25% of population,music,3700,music,53,,medium,flamenco music,music,Pushes toward flamenco; AudioSet 'Flamenco'.
blues,genre,passt.Blues,+,muq.blues,,classifier,sparse,top 250 by score vs bottom 25% of population,music,3700,music,56,,easy,blues music,music,Pushes toward blues; AudioSet 'Blues'.
childrens,genre,passt.Music for children,+,muq.childrens,,classifier,sparse,top 250 by score vs bottom 25% of population,music,3700,music,52,,hard,children's music,music,Pushes toward children's; AudioSet 'Music for children'.
new_age,genre,passt.New-age music,+,muq.new_age,,classifier,sparse,top 250 by score vs bottom 25% of population,music,3700,music,49,,medium,new age music,music,Pushes toward new age; AudioSet 'New-age music'.
african,genre,passt.Music of Africa,+,muq.african,,classifier,sparse,top 250 by score vs bottom 25% of population,music,3700,music,52,,medium,African music,music,Pushes toward African; AudioSet 'Music of Africa'.
afrobeat,genre,passt.Afrobeat,+,muq.afrobeat,,classifier,sparse,top 250 by score vs bottom 25% of population,music,3700,music,52,,medium,afrobeat music,music,Pushes toward afrobeat; AudioSet 'Afrobeat'.
asian,genre,passt.Music of Asia,+,muq.asian,,classifier,sparse,top 250 by score vs bottom 25% of population,music,3700,music,50,,medium,Asian traditional music,music,Pushes toward Asian traditional; AudioSet 'Music of Asia'.
carnatic,genre,passt.Carnatic music,+,muq.carnatic,,classifier,sparse,top 250 by score vs bottom 25% of population,music,3700,music,51,,hard,Carnatic music,music,Pushes toward Carnatic; AudioSet 'Carnatic music'.
bollywood,genre,passt.Music of Bollywood,+,muq.bollywood,,classifier,sparse,top 250 by score vs bottom 25% of population,music,3700,music,52,,hard,Bollywood music,music,Pushes toward Bollywood; AudioSet 'Music of Bollywood'.
ska,genre,passt.Ska,+,muq.ska,,classifier,sparse,top 250 by score vs bottom 25% of population,music,3700,music,50,,medium,ska music,music,Pushes toward ska; AudioSet 'Ska'.
traditional,genre,passt.Traditional music,+,muq.traditional,,classifier,sparse,top 250 by score vs bottom 25% of population,music,3700,music,50,,medium,traditional folk music,music,Pushes toward traditional folk; AudioSet 'Traditional music'.
indie,genre,passt.Independent music,+,muq.indie,,classifier,sparse,top 250 by score vs bottom 25% of population,music,3700,music,53,,medium,indie music,music,Pushes toward indie; AudioSet 'Independent music'.
soundtrack,genre,passt.Soundtrack music,+,muq.soundtrack,,classifier,sparse,top 250 by score vs bottom 25% of population,music,3700,music,50,,medium,film soundtrack music,music,Pushes toward film soundtrack; AudioSet 'Soundtrack music'.
lullaby,genre,passt.Lullaby,+,muq.lullaby,,classifier,sparse,top 250 by score vs bottom 25% of population,music,3700,music,54,,medium,lullaby music,music,Pushes toward lullaby; AudioSet 'Lullaby'.
video_game,genre,passt.Video game music,+,muq.video_game,,classifier,sparse,top 250 by score vs bottom 25% of population,music,3700,music,60,,medium,video game music,music,Pushes toward video game; AudioSet 'Video game music'.
christmas,genre,passt.Christmas music,+,muq.christmas,,classifier,sparse,top 250 by score vs bottom 25% of population,music,3700,music,55,,medium,Christmas music,music,Pushes toward Christmas; AudioSet 'Christmas music'.
dance,genre,passt.Dance music,+,muq.dance,,classifier,sparse,top 250 by score vs bottom 25% of population,music,3700,music,79,,easy,dance music,music,Pushes toward dance; AudioSet 'Dance music'.
lofi_hip_hop,genre,clap_music.lofi_hip_hop,+,muq.lofi_hip_hop,,text_only,sparse,top 250 by score vs bottom 25% of population,music,3700,music,50,,medium,lofi hip hop music,music,Pushes toward lofi hip hop; text only unless Essentia Discogs-EffNet is installed.
trap,genre,clap_music.trap,+,muq.trap,,text_only,sparse,top 250 by score vs bottom 25% of population,music,3700,music,52,,medium,trap music,music,Pushes toward trap; text only unless Essentia Discogs-EffNet is installed.
synthwave,genre,clap_music.synthwave,+,muq.synthwave,,text_only,sparse,top 250 by score vs bottom 25% of population,music,3700,music,52,,medium,synthwave music,music,Pushes toward synthwave; text only unless Essentia Discogs-EffNet is installed.
vaporwave,genre,clap_music.vaporwave,+,muq.vaporwave,,text_only,sparse,top 250 by score vs bottom 25% of population,music,3700,music,51,,hard,vaporwave music,music,Pushes toward vaporwave; text only unless Essentia Discogs-EffNet is installed.
shoegaze,genre,clap_music.shoegaze,+,muq.shoegaze,,text_only,sparse,top 250 by score vs bottom 25% of population,music,3700,music,52,,hard,shoegaze music,music,Pushes toward shoegaze; text only unless Essentia Discogs-EffNet is installed.
dream_pop,genre,clap_music.dream_pop,+,muq.dream_pop,,text_only,sparse,top 250 by score vs bottom 25% of population,music,3700,music,50,,hard,dream pop music,music,Pushes toward dream pop; text only unless Essentia Discogs-EffNet is installed.
post_rock,genre,clap_music.post_rock,+,muq.post_rock,,text_only,sparse,top 250 by score vs bottom 25% of population,music,3700,music,51,,hard,post-rock music,music,Pushes toward post-rock; text only unless Essentia Discogs-EffNet is installed.
idm,genre,clap_music.idm,+,muq.idm,,text_only,sparse,top 250 by score vs bottom 25% of population,music,3700,music,50,,hard,IDM music,music,Pushes toward IDM; text only unless Essentia Discogs-EffNet is installed.
breakbeat,genre,clap_music.breakbeat,+,muq.breakbeat,,text_only,sparse,top 250 by score vs bottom 25% of population,music,3700,music,50,,hard,breakbeat music,music,Pushes toward breakbeat; text only unless Essentia Discogs-EffNet is installed.
uk_garage,genre,clap_music.uk_garage,+,muq.uk_garage,,text_only,sparse,top 250 by score vs bottom 25% of population,music,3700,music,49,,hard,UK garage music,music,Pushes toward UK garage; text only unless Essentia Discogs-EffNet is installed.
jungle,genre,clap_music.jungle,+,muq.jungle,,text_only,sparse,top 250 by score vs bottom 25% of population,music,3700,music,51,,hard,jungle music,music,Pushes toward jungle; text only unless Essentia Discogs-EffNet is installed.
hardstyle,genre,clap_music.hardstyle,+,muq.hardstyle,,text_only,sparse,top 250 by score vs bottom 25% of population,music,3700,music,51,,hard,hardstyle music,music,Pushes toward hardstyle; text only unless Essentia Discogs-EffNet is installed.
dub,genre,clap_music.dub,+,muq.dub,,text_only,sparse,top 250 by score vs bottom 25% of population,music,3700,music,52,,medium,dub music,music,Pushes toward dub; text only unless Essentia Discogs-EffNet is installed.
minimal_techno,genre,clap_music.minimal_techno,+,muq.minimal_techno,,text_only,sparse,top 250 by score vs bottom 25% of population,music,3700,music,51,,hard,minimal techno music,music,Pushes toward minimal techno; text only unless Essentia Discogs-EffNet is installed.
acid_house,genre,clap_music.acid_house,+,muq.acid_house,,text_only,sparse,top 250 by score vs bottom 25% of population,music,3700,music,51,,hard,acid house music,music,Pushes toward acid house; text only unless Essentia Discogs-EffNet is installed.
deep_house,genre,clap_music.deep_house,+,muq.deep_house,,text_only,sparse,top 250 by score vs bottom 25% of population,music,3700,music,49,,medium,deep house music,music,Pushes toward deep house; text only unless Essentia Discogs-EffNet is installed.
future_bass,genre,clap_music.future_bass,+,muq.future_bass,,text_only,sparse,top 250 by score vs bottom 25% of population,music,3700,music,50,,hard,future bass music,music,Pushes toward future bass; text only unless Essentia Discogs-EffNet is installed.
downtempo,genre,clap_music.downtempo,+,muq.downtempo,,text_only,sparse,top 250 by score vs bottom 25% of population,music,3700,music,50,,hard,downtempo music,music,Pushes toward downtempo; text only unless Essentia Discogs-EffNet is installed.
trip_hop,genre,clap_music.trip_hop,+,muq.trip_hop,,text_only,sparse,top 250 by score vs bottom 25% of population,music,3700,music,49,,hard,trip hop music,music,Pushes toward trip hop; text only unless Essentia Discogs-EffNet is installed.
industrial,genre,clap_music.industrial,+,muq.industrial,,text_only,sparse,top 250 by score vs bottom 25% of population,music,3700,music,51,,hard,industrial music,music,Pushes toward industrial; text only unless Essentia Discogs-EffNet is installed.
drone,genre,clap_music.drone,+,muq.drone,,text_only,sparse,top 250 by score vs bottom 25% of population,music,3700,music,54,,hard,drone music,music,Pushes toward drone; text only unless Essentia Discogs-EffNet is installed.
bossa_nova,genre,clap_music.bossa_nova,+,muq.bossa_nova,,text_only,sparse,top 250 by score vs bottom 25% of population,music,3700,music,52,,medium,bossa nova music,music,Pushes toward bossa nova; text only unless Essentia Discogs-EffNet is installed.
samba,genre,clap_music.samba,+,muq.samba,,text_only,sparse,top 250 by score vs bottom 25% of population,music,3700,music,53,,hard,samba music,music,Pushes toward samba; text only unless Essentia Discogs-EffNet is installed.
tango,genre,clap_music.tango,+,muq.tango,,text_only,sparse,top 250 by score vs bottom 25% of population,music,3700,music,50,,hard,tango music,music,Pushes toward tango; text only unless Essentia Discogs-EffNet is installed.
cumbia,genre,clap_music.cumbia,+,muq.cumbia,,text_only,sparse,top 250 by score vs bottom 25% of population,music,3700,music,50,,hard,cumbia music,music,Pushes toward cumbia; text only unless Essentia Discogs-EffNet is installed.
reggaeton,genre,clap_music.reggaeton,+,muq.reggaeton,,text_only,sparse,top 250 by score vs bottom 25% of population,music,3700,music,50,,hard,reggaeton music,music,Pushes toward reggaeton; text only unless Essentia Discogs-EffNet is installed.
chiptune,genre,clap_music.chiptune,+,muq.chiptune,,text_only,sparse,top 250 by score vs bottom 25% of population,music,3700,music,52,,medium,chiptune music,music,Pushes toward chiptune; text only unless Essentia Discogs-EffNet is installed.
baroque,genre,clap_music.baroque,+,muq.baroque,,text_only,sparse,top 250 by score vs bottom 25% of population,music,3700,music,53,,medium,baroque music,music,Pushes toward baroque; text only unless Essentia Discogs-EffNet is installed.
big_band,genre,clap_music.big_band,+,muq.big_band,,text_only,sparse,top 250 by score vs bottom 25% of population,music,3700,music,51,,medium,big band music,music,Pushes toward big band; text only unless Essentia Discogs-EffNet is installed.
bebop,genre,clap_music.bebop,+,muq.bebop,,text_only,sparse,top 250 by score vs bottom 25% of population,music,3700,music,51,,hard,bebop music,music,Pushes toward bebop; text only unless Essentia Discogs-EffNet is installed.
free_jazz,genre,clap_music.free_jazz,+,muq.free_jazz,,text_only,sparse,top 250 by score vs bottom 25% of population,music,3700,music,51,,hard,free jazz music,music,Pushes toward free jazz; text only unless Essentia Discogs-EffNet is installed.
celtic,genre,clap_music.celtic,+,muq.celtic,,text_only,sparse,top 250 by score vs bottom 25% of population,music,3700,music,51,,hard,celtic music,music,Pushes toward celtic; text only unless Essentia Discogs-EffNet is installed.
polka,genre,clap_music.polka,+,muq.polka,,text_only,sparse,top 250 by score vs bottom 25% of population,music,3700,music,50,,hard,polka music,music,Pushes toward polka; text only unless Essentia Discogs-EffNet is installed.
surf_rock,genre,clap_music.surf_rock,+,muq.surf_rock,,text_only,sparse,top 250 by score vs bottom 25% of population,music,3700,music,51,,medium,surf rock music,music,Pushes toward surf rock; text only unless Essentia Discogs-EffNet is installed.
black_metal,genre,clap_music.black_metal,+,muq.black_metal,,text_only,sparse,top 250 by score vs bottom 25% of population,music,3700,music,50,,hard,black metal music,music,Pushes toward black metal; text only unless Essentia Discogs-EffNet is installed.
epic_trailer,genre,clap_music.epic_trailer,+,muq.epic_trailer,,text_only,sparse,top 250 by score vs bottom 25% of population,music,3700,music,51,,hard,epic trailer music,music,Pushes toward epic trailer; text only unless Essentia Discogs-EffNet is installed.
horror_score,genre,clap_music.horror_score,+,muq.horror_score,,text_only,sparse,top 250 by score vs bottom 25% of population,music,3700,music,51,,hard,horror score music,music,Pushes toward horror score; text only unless Essentia Discogs-EffNet is installed.
happy,mood,passt.Happy music,+,muq.happy,,classifier,sparse,top 250 by score vs bottom 25% of population,music,3700,music,93,,easy,happy music,music,Mood 'happy' (AudioSet 'Happy music').
funny,mood,passt.Funny music,+,muq.funny,,classifier,sparse,top 250 by score vs bottom 25% of population,music,3700,music,85,,hard,funny music,music,Mood 'funny' (AudioSet 'Funny music').
sad,mood,passt.Sad music,+,muq.sad,,classifier,sparse,top 250 by score vs bottom 25% of population,music,3700,music,89,,easy,sad music,music,Mood 'sad' (AudioSet 'Sad music').
tender,mood,passt.Tender music,+,muq.tender,,classifier,sparse,top 250 by score vs bottom 25% of population,music,3700,music,82,,medium,tender music,music,Mood 'tender' (AudioSet 'Tender music').
exciting,mood,passt.Exciting music,+,muq.exciting,,classifier,sparse,top 250 by score vs bottom 25% of population,music,3700,music,95,,medium,exciting music,music,Mood 'exciting' (AudioSet 'Exciting music').
angry,mood,passt.Angry music,+,muq.angry,,classifier,sparse,top 250 by score vs bottom 25% of population,music,3700,music,84,,medium,angry music,music,Mood 'angry' (AudioSet 'Angry music').
scary,mood,passt.Scary music,+,muq.scary,,classifier,sparse,top 250 by score vs bottom 25% of population,music,3700,music,83,,medium,scary music,music,Mood 'scary' (AudioSet 'Scary music').
major_mode,mood,dyn.major_minus_minor,+,muq.major_mode,passt.Happy music,descriptor,dense,quartile (top 25% vs bottom 25% of population),music,3700,music,83,,hard,music in a major key,music in a minor key,Major versus minor (Krumhansl profile difference).
key_clarity,mood,dyn.key_strength,+,muq.key_clarity,dyn.chroma_entropy,descriptor,dense,quartile (top 25% vs bottom 25% of population),music,3700,music,83,,hard,"clearly tonal, diatonic music","atonal, chromatic music",Clear tonal centre versus atonal/ambiguous.
energetic,mood,clap_music.energetic,+,muq.energetic,,text_only,sparse,top 250 by score vs bottom 25% of population,music,3700,music,130,,medium,energetic music,music,Mood 'energetic' by CLAP text similarity; needs a human spot check.
calm,mood,clap_music.calm,+,muq.calm,,text_only,sparse,top 250 by score vs bottom 25% of population,music,3700,music,85,,medium,calm music,music,Mood 'calm' by CLAP text similarity; needs a human spot check.
melancholic,mood,clap_music.melancholic,+,muq.melancholic,,text_only,sparse,top 250 by score vs bottom 25% of population,music,3700,music,102,,hard,melancholic music,music,Mood 'melancholic' by CLAP text similarity; needs a human spot check.
romantic,mood,clap_music.romantic,+,muq.romantic,,text_only,sparse,top 250 by score vs bottom 25% of population,music,3700,music,93,,hard,romantic music,music,Mood 'romantic' by CLAP text similarity; needs a human spot check.
aggressive,mood,clap_music.aggressive,+,muq.aggressive,,text_only,sparse,top 250 by score vs bottom 25% of population,music,3700,music,97,,medium,aggressive music,music,Mood 'aggressive' by CLAP text similarity; needs a human spot check.
dreamy,mood,clap_music.dreamy,+,muq.dreamy,,text_only,sparse,top 250 by score vs bottom 25% of population,music,3700,music,91,,medium,dreamy music,music,Mood 'dreamy' by CLAP text similarity; needs a human spot check.
epic,mood,clap_music.epic,+,muq.epic,,text_only,sparse,top 250 by score vs bottom 25% of population,music,3700,music,88,,medium,epic music,music,Mood 'epic' by CLAP text similarity; needs a human spot check.
uplifting,mood,clap_music.uplifting,+,muq.uplifting,,text_only,sparse,top 250 by score vs bottom 25% of population,music,3700,music,88,,hard,uplifting music,music,Mood 'uplifting' by CLAP text similarity; needs a human spot check.
dark,mood,clap_music.dark,+,muq.dark,,text_only,sparse,top 250 by score vs bottom 25% of population,music,3700,music,87,,medium,dark music,music,Mood 'dark' by CLAP text similarity; needs a human spot check.
mysterious,mood,clap_music.mysterious,+,muq.mysterious,,text_only,sparse,top 250 by score vs bottom 25% of population,music,3700,music,88,,hard,mysterious music,music,Mood 'mysterious' by CLAP text similarity; needs a human spot check.
playful,mood,clap_music.playful,+,muq.playful,,text_only,sparse,top 250 by score vs bottom 25% of population,music,3700,music,92,,hard,playful music,music,Mood 'playful' by CLAP text similarity; needs a human spot check.
nostalgic,mood,clap_music.nostalgic,+,muq.nostalgic,,text_only,sparse,top 250 by score vs bottom 25% of population,music,3700,music,90,,hard,nostalgic music,music,Mood 'nostalgic' by CLAP text similarity; needs a human spot check.
suspenseful,mood,clap_music.suspenseful,+,muq.suspenseful,,text_only,sparse,top 250 by score vs bottom 25% of population,music,3700,music,89,,hard,suspenseful music,music,Mood 'suspenseful' by CLAP text similarity; needs a human spot check.
hopeful,mood,clap_music.hopeful,+,muq.hopeful,,text_only,sparse,top 250 by score vs bottom 25% of population,music,3700,music,82,,hard,hopeful music,music,Mood 'hopeful' by CLAP text similarity; needs a human spot check.
triumphant,mood,clap_music.triumphant,+,muq.triumphant,,text_only,sparse,top 250 by score vs bottom 25% of population,music,3700,music,84,,hard,triumphant music,music,Mood 'triumphant' by CLAP text similarity; needs a human spot check.
peaceful,mood,clap_music.peaceful,+,muq.peaceful,,text_only,sparse,top 250 by score vs bottom 25% of population,music,3700,music,83,,medium,peaceful music,music,Mood 'peaceful' by CLAP text similarity; needs a human spot check.
ominous,mood,clap_music.ominous,+,muq.ominous,,text_only,sparse,top 250 by score vs bottom 25% of population,music,3700,music,86,,hard,ominous music,music,Mood 'ominous' by CLAP text similarity; needs a human spot check.
joyful,mood,clap_music.joyful,+,muq.joyful,,text_only,sparse,top 250 by score vs bottom 25% of population,music,3700,music,90,,hard,joyful music,music,Mood 'joyful' by CLAP text similarity; needs a human spot check.
eerie,mood,clap_music.eerie,+,muq.eerie,,text_only,sparse,top 250 by score vs bottom 25% of population,music,3700,music,85,,hard,eerie music,music,Mood 'eerie' by CLAP text similarity; needs a human spot check.
hypnotic,mood,clap_music.hypnotic,+,muq.hypnotic,,text_only,sparse,top 250 by score vs bottom 25% of population,music,3700,music,88,,hard,hypnotic music,music,Mood 'hypnotic' by CLAP text similarity; needs a human spot check.
chaotic,mood,clap_music.chaotic,+,muq.chaotic,,text_only,sparse,top 250 by score vs bottom 25% of population,music,3700,music,89,,hard,chaotic music,music,Mood 'chaotic' by CLAP text similarity; needs a human spot check.
serene,mood,clap_music.serene,+,muq.serene,,text_only,sparse,top 250 by score vs bottom 25% of population,music,3700,music,85,,hard,serene music,music,Mood 'serene' by CLAP text similarity; needs a human spot check.
heroic,mood,clap_music.heroic,+,muq.heroic,,text_only,sparse,top 250 by score vs bottom 25% of population,music,3700,music,84,,hard,heroic music,music,Mood 'heroic' by CLAP text similarity; needs a human spot check.
sensual,mood,clap_music.sensual,+,muq.sensual,,text_only,sparse,top 250 by score vs bottom 25% of population,music,3700,music,83,,hard,sensual music,music,Mood 'sensual' by CLAP text similarity; needs a human spot check.
majestic,mood,clap_music.majestic,+,muq.majestic,,text_only,sparse,top 250 by score vs bottom 25% of population,music,3700,music,83,,hard,majestic music,music,Mood 'majestic' by CLAP text similarity; needs a human spot check.
whimsical,mood,clap_music.whimsical,+,muq.whimsical,,text_only,sparse,top 250 by score vs bottom 25% of population,music,3700,music,84,,hard,whimsical music,music,Mood 'whimsical' by CLAP text similarity; needs a human spot check.
somber,mood,clap_music.somber,+,muq.somber,,text_only,sparse,top 250 by score vs bottom 25% of population,music,3700,music,84,,hard,somber music,music,Mood 'somber' by CLAP text similarity; needs a human spot check.
euphoric,mood,clap_music.euphoric,+,muq.euphoric,,text_only,sparse,top 250 by score vs bottom 25% of population,music,3700,music,85,,hard,euphoric music,music,Mood 'euphoric' by CLAP text similarity; needs a human spot check.
meditative,mood,clap_music.meditative,+,muq.meditative,,text_only,sparse,top 250 by score vs bottom 25% of population,music,3700,music,90,,hard,meditative music,music,Mood 'meditative' by CLAP text similarity; needs a human spot check.
haunting,mood,clap_music.haunting,+,muq.haunting,,text_only,sparse,top 250 by score vs bottom 25% of population,music,3700,music,85,,hard,haunting music,music,Mood 'haunting' by CLAP text similarity; needs a human spot check.
spiritual,mood,clap_music.spiritual,+,muq.spiritual,,text_only,sparse,top 250 by score vs bottom 25% of population,music,3700,music,84,,hard,spiritual music,music,Mood 'spiritual' by CLAP text similarity; needs a human spot check.
wind,sound_effect,passt.Wind,+,clap_general.wind,muq.wind,classifier,sparse,top 250 by score vs bottom 25% of population,sfx,1300,sfx,47,,medium,the sound of howling wind,silence,Sound effect: howling wind (AudioSet 'Wind').
rustling_leaves,sound_effect,passt.Rustling leaves,+,clap_general.rustling_leaves,muq.rustling_leaves,classifier,sparse,top 250 by score vs bottom 25% of population,sfx,1300,sfx,47,,hard,the sound of rustling leaves,silence,Sound effect: rustling leaves (AudioSet 'Rustling leaves').
thunderstorm,sound_effect,passt.Thunderstorm,+,clap_general.thunderstorm,muq.thunderstorm,classifier,sparse,top 250 by score vs bottom 25% of population,sfx,1300,sfx,47,,hard,the sound of a thunderstorm,silence,Sound effect: a thunderstorm (AudioSet 'Thunderstorm').
thunder,sound_effect,passt.Thunder,+,clap_general.thunder,muq.thunder,classifier,sparse,top 250 by score vs bottom 25% of population,sfx,1300,sfx,47,,medium,the sound of rolling thunder,silence,Sound effect: rolling thunder (AudioSet 'Thunder').
rain,sound_effect,passt.Rain,+,clap_general.rain,muq.rain,classifier,sparse,top 250 by score vs bottom 25% of population,sfx,1300,sfx,47,,medium,the sound of heavy rain,silence,Sound effect: heavy rain (AudioSet 'Rain').
rain_on_surface,sound_effect,passt.Rain on surface,+,clap_general.rain_on_surface,muq.rain_on_surface,classifier,sparse,top 250 by score vs bottom 25% of population,sfx,1300,sfx,48,,hard,the sound of rain on a tin roof,silence,Sound effect: rain on a tin roof (AudioSet 'Rain on surface').
stream,sound_effect,passt.Stream,+,clap_general.stream,muq.stream,classifier,sparse,top 250 by score vs bottom 25% of population,sfx,1300,sfx,47,,hard,the sound of a babbling brook,silence,Sound effect: a babbling brook (AudioSet 'Stream').
waterfall,sound_effect,passt.Waterfall,+,clap_general.waterfall,muq.waterfall,classifier,sparse,top 250 by score vs bottom 25% of population,sfx,1300,sfx,47,,hard,the sound of a waterfall,silence,Sound effect: a waterfall (AudioSet 'Waterfall').
ocean_waves,sound_effect,"passt.Waves, surf",+,clap_general.ocean_waves,muq.ocean_waves,classifier,sparse,top 250 by score vs bottom 25% of population,sfx,1300,sfx,48,,medium,the sound of ocean waves,silence,"Sound effect: ocean waves (AudioSet 'Waves, surf')."
fire,sound_effect,passt.Fire,+,clap_general.fire,muq.fire,classifier,sparse,top 250 by score vs bottom 25% of population,sfx,1300,sfx,47,,medium,the sound of a crackling campfire,silence,Sound effect: a crackling campfire (AudioSet 'Fire').
birdsong,sound_effect,"passt.Bird vocalization, bird call, bird song",+,clap_general.birdsong,muq.birdsong,classifier,sparse,top 250 by score vs bottom 25% of population,sfx,1300,sfx,47,,medium,the sound of birdsong,silence,"Sound effect: birdsong (AudioSet 'Bird vocalization, bird call, bird song')."
crickets,sound_effect,passt.Cricket,+,clap_general.crickets,muq.crickets,classifier,sparse,top 250 by score vs bottom 25% of population,sfx,1300,sfx,47,,hard,the sound of crickets at night,silence,Sound effect: crickets at night (AudioSet 'Cricket').
frogs,sound_effect,passt.Frog,+,clap_general.frogs,muq.frogs,classifier,sparse,top 250 by score vs bottom 25% of population,sfx,1300,sfx,47,,hard,the sound of frogs croaking,silence,Sound effect: frogs croaking (AudioSet 'Frog').
owl,sound_effect,passt.Owl,+,clap_general.owl,muq.owl,classifier,sparse,top 250 by score vs bottom 25% of population,sfx,1300,sfx,48,,hard,the sound of an owl hooting,silence,Sound effect: an owl hooting (AudioSet 'Owl').
crow,sound_effect,passt.Crow,+,clap_general.crow,muq.crow,classifier,sparse,top 250 by score vs bottom 25% of population,sfx,1300,sfx,47,,hard,the sound of crows cawing,silence,Sound effect: crows cawing (AudioSet 'Crow').
wolf_howl,sound_effect,passt.Howl,+,clap_general.wolf_howl,muq.wolf_howl,classifier,sparse,top 250 by score vs bottom 25% of population,sfx,1300,sfx,46,,hard,the sound of a wolf howling,silence,Sound effect: a wolf howling (AudioSet 'Howl').
dog_bark,sound_effect,passt.Bark,+,clap_general.dog_bark,muq.dog_bark,classifier,sparse,top 250 by score vs bottom 25% of population,sfx,1300,sfx,49,,hard,the sound of a dog barking,silence,Sound effect: a dog barking (AudioSet 'Bark').
cat_meow,sound_effect,passt.Meow,+,clap_general.cat_meow,muq.cat_meow,classifier,sparse,top 250 by score vs bottom 25% of population,sfx,1300,sfx,46,,hard,the sound of a cat meowing,silence,Sound effect: a cat meowing (AudioSet 'Meow').
bees,sound_effect,"passt.Bee, wasp, etc.",+,clap_general.bees,muq.bees,classifier,sparse,top 250 by score vs bottom 25% of population,sfx,1300,sfx,46,,hard,the sound of buzzing bees,silence,"Sound effect: buzzing bees (AudioSet 'Bee, wasp, etc.')."
insects,sound_effect,passt.Insect,+,clap_general.insects,muq.insects,classifier,sparse,top 250 by score vs bottom 25% of population,sfx,1300,sfx,48,,hard,the sound of buzzing insects,silence,Sound effect: buzzing insects (AudioSet 'Insect').
car_passing,sound_effect,passt.Car passing by,+,clap_general.car_passing,muq.car_passing,classifier,sparse,top 250 by score vs bottom 25% of population,sfx,1300,sfx,48,,hard,the sound of a car passing by,silence,Sound effect: a car passing by (AudioSet 'Car passing by').
race_car,sound_effect,"passt.Race car, auto racing",+,clap_general.race_car,muq.race_car,classifier,sparse,top 250 by score vs bottom 25% of population,sfx,1300,sfx,47,,hard,the sound of race cars,silence,"Sound effect: race cars (AudioSet 'Race car, auto racing')."
truck,sound_effect,passt.Truck,+,clap_general.truck,muq.truck,classifier,sparse,top 250 by score vs bottom 25% of population,sfx,1300,sfx,48,,hard,the sound of a heavy truck,silence,Sound effect: a heavy truck (AudioSet 'Truck').
motorcycle,sound_effect,passt.Motorcycle,+,clap_general.motorcycle,muq.motorcycle,classifier,sparse,top 250 by score vs bottom 25% of population,sfx,1300,sfx,48,,hard,the sound of a motorcycle revving,silence,Sound effect: a motorcycle revving (AudioSet 'Motorcycle').
train,sound_effect,passt.Train,+,clap_general.train,muq.train,classifier,sparse,top 250 by score vs bottom 25% of population,sfx,1300,sfx,48,,medium,the sound of a passing train,silence,Sound effect: a passing train (AudioSet 'Train').
train_horn,sound_effect,passt.Train horn,+,clap_general.train_horn,muq.train_horn,classifier,sparse,top 250 by score vs bottom 25% of population,sfx,1300,sfx,48,,hard,the sound of a train horn,silence,Sound effect: a train horn (AudioSet 'Train horn').
jet,sound_effect,passt.Jet engine,+,clap_general.jet,muq.jet,classifier,sparse,top 250 by score vs bottom 25% of population,sfx,1300,sfx,48,,hard,the sound of a jet engine,silence,Sound effect: a jet engine (AudioSet 'Jet engine').
helicopter,sound_effect,passt.Helicopter,+,clap_general.helicopter,muq.helicopter,classifier,sparse,top 250 by score vs bottom 25% of population,sfx,1300,sfx,47,,hard,the sound of a helicopter,silence,Sound effect: a helicopter (AudioSet 'Helicopter').
police_siren,sound_effect,passt.Police car (siren),+,clap_general.police_siren,muq.police_siren,classifier,sparse,top 250 by score vs bottom 25% of population,sfx,1300,sfx,47,,hard,the sound of a police siren,silence,Sound effect: a police siren (AudioSet 'Police car (siren)').
car_horn,sound_effect,"passt.Vehicle horn, car horn, honking",+,clap_general.car_horn,muq.car_horn,classifier,sparse,top 250 by score vs bottom 25% of population,sfx,1300,sfx,47,,hard,the sound of car horns honking,silence,"Sound effect: car horns honking (AudioSet 'Vehicle horn, car horn, honking')."
revving,sound_effect,"passt.Accelerating, revving, vroom",+,clap_general.revving,muq.revving,classifier,sparse,top 250 by score vs bottom 25% of population,sfx,1300,sfx,48,,hard,the sound of an engine revving,silence,"Sound effect: an engine revving (AudioSet 'Accelerating, revving, vroom')."
traffic,sound_effect,"passt.Traffic noise, roadway noise",+,clap_general.traffic,muq.traffic,classifier,sparse,top 250 by score vs bottom 25% of population,sfx,1300,sfx,46,,hard,the sound of city traffic,silence,"Sound effect: city traffic (AudioSet 'Traffic noise, roadway noise')."
door_slam,sound_effect,passt.Slam,+,clap_general.door_slam,muq.door_slam,classifier,sparse,top 250 by score vs bottom 25% of population,sfx,1300,sfx,47,,hard,the sound of a door slamming,silence,Sound effect: a door slamming (AudioSet 'Slam').
knock,sound_effect,passt.Knock,+,clap_general.knock,muq.knock,classifier,sparse,top 250 by score vs bottom 25% of population,sfx,1300,sfx,48,,hard,the sound of knocking on a door,silence,Sound effect: knocking on a door (AudioSet 'Knock').
footsteps,sound_effect,"passt.Walk, footsteps",+,clap_general.footsteps,muq.footsteps,classifier,sparse,top 250 by score vs bottom 25% of population,sfx,1300,sfx,48,,hard,the sound of footsteps,silence,"Sound effect: footsteps (AudioSet 'Walk, footsteps')."
clock_tick,sound_effect,passt.Tick-tock,+,clap_general.clock_tick,muq.clock_tick,classifier,sparse,top 250 by score vs bottom 25% of population,sfx,1300,sfx,49,,hard,the sound of a ticking clock,silence,Sound effect: a ticking clock (AudioSet 'Tick-tock').
typing,sound_effect,passt.Typing,+,clap_general.typing,muq.typing,classifier,sparse,top 250 by score vs bottom 25% of population,sfx,1300,sfx,47,,hard,the sound of typing on a keyboard,silence,Sound effect: typing on a keyboard (AudioSet 'Typing').
typewriter,sound_effect,passt.Typewriter,+,clap_general.typewriter,muq.typewriter,classifier,sparse,top 250 by score vs bottom 25% of population,sfx,1300,sfx,47,,hard,the sound of a typewriter,silence,Sound effect: a typewriter (AudioSet 'Typewriter').
dishes,sound_effect,"passt.Dishes, pots, and pans",+,clap_general.dishes,muq.dishes,classifier,sparse,top 250 by score vs bottom 25% of population,sfx,1300,sfx,47,,hard,the sound of clattering dishes,silence,"Sound effect: clattering dishes (AudioSet 'Dishes, pots, and pans')."
glass_clink,sound_effect,"passt.Chink, clink",+,clap_general.glass_clink,muq.glass_clink,classifier,sparse,top 250 by score vs bottom 25% of population,sfx,1300,sfx,47,,hard,the sound of glasses clinking,silence,"Sound effect: glasses clinking (AudioSet 'Chink, clink')."
glass_shatter,sound_effect,passt.Shatter,+,clap_general.glass_shatter,muq.glass_shatter,classifier,sparse,top 250 by score vs bottom 25% of population,sfx,1300,sfx,50,,hard,the sound of glass shattering,silence,Sound effect: glass shattering (AudioSet 'Shatter').
phone_ring,sound_effect,passt.Telephone bell ringing,+,clap_general.phone_ring,muq.phone_ring,classifier,sparse,top 250 by score vs bottom 25% of population,sfx,1300,sfx,47,,hard,the sound of an old telephone ringing,silence,Sound effect: an old telephone ringing (AudioSet 'Telephone bell ringing').
alarm_clock,sound_effect,passt.Alarm clock,+,clap_general.alarm_clock,muq.alarm_clock,classifier,sparse,top 250 by score vs bottom 25% of population,sfx,1300,sfx,47,,hard,the sound of an alarm clock,silence,Sound effect: an alarm clock (AudioSet 'Alarm clock').
pouring,sound_effect,passt.Pour,+,clap_general.pouring,muq.pouring,classifier,sparse,top 250 by score vs bottom 25% of population,sfx,1300,sfx,47,,hard,the sound of water pouring,silence,Sound effect: water pouring (AudioSet 'Pour').
dripping,sound_effect,passt.Drip,+,clap_general.dripping,muq.dripping,classifier,sparse,top 250 by score vs bottom 25% of population,sfx,1300,sfx,48,,hard,the sound of water dripping,silence,Sound effect: water dripping (AudioSet 'Drip').
frying,sound_effect,passt.Frying (food),+,clap_general.frying,muq.frying,classifier,sparse,top 250 by score vs bottom 25% of population,sfx,1300,sfx,47,,hard,the sound of food sizzling in a pan,silence,Sound effect: food sizzling in a pan (AudioSet 'Frying (food)').
explosion,sound_effect,passt.Explosion,+,clap_general.explosion,muq.explosion,classifier,sparse,top 250 by score vs bottom 25% of population,sfx,1300,sfx,48,,medium,the sound of an explosion,silence,Sound effect: an explosion (AudioSet 'Explosion').
gunshot,sound_effect,"passt.Gunshot, gunfire",+,clap_general.gunshot,muq.gunshot,classifier,sparse,top 250 by score vs bottom 25% of population,sfx,1300,sfx,48,,hard,the sound of gunshots,silence,"Sound effect: gunshots (AudioSet 'Gunshot, gunfire')."
fireworks,sound_effect,passt.Fireworks,+,clap_general.fireworks,muq.fireworks,classifier,sparse,top 250 by score vs bottom 25% of population,sfx,1300,sfx,48,,hard,the sound of fireworks,silence,Sound effect: fireworks (AudioSet 'Fireworks').
thud,sound_effect,"passt.Thump, thud",+,clap_general.thud,muq.thud,classifier,sparse,top 250 by score vs bottom 25% of population,sfx,1300,sfx,48,,hard,the sound of heavy thuds,silence,"Sound effect: heavy thuds (AudioSet 'Thump, thud')."
smash,sound_effect,"passt.Smash, crash",+,clap_general.smash,muq.smash,classifier,sparse,top 250 by score vs bottom 25% of population,sfx,1300,sfx,50,,hard,the sound of a crash,silence,"Sound effect: a crash (AudioSet 'Smash, crash')."
whoosh,sound_effect,"passt.Whoosh, swoosh, swish",+,clap_general.whoosh,muq.whoosh,classifier,sparse,top 250 by score vs bottom 25% of population,sfx,1300,sfx,47,,hard,the sound of whooshes,silence,"Sound effect: whooshes (AudioSet 'Whoosh, swoosh, swish')."
hammer,sound_effect,passt.Hammer,+,clap_general.hammer,muq.hammer,classifier,sparse,top 250 by score vs bottom 25% of population,sfx,1300,sfx,47,,hard,the sound of hammering,silence,Sound effect: hammering (AudioSet 'Hammer').
wood_crack,sound_effect,passt.Crack,+,clap_general.wood_crack,muq.wood_crack,classifier,sparse,top 250 by score vs bottom 25% of population,sfx,1300,sfx,47,,hard,the sound of wood cracking,silence,Sound effect: wood cracking (AudioSet 'Crack').
whip,sound_effect,passt.Whip,+,clap_general.whip,muq.whip,classifier,sparse,top 250 by score vs bottom 25% of population,sfx,1300,sfx,48,,hard,the sound of a whip crack,silence,Sound effect: a whip crack (AudioSet 'Whip').
gears,sound_effect,passt.Gears,+,clap_general.gears,muq.gears,classifier,sparse,top 250 by score vs bottom 25% of population,sfx,1300,sfx,48,,hard,the sound of grinding gears,silence,Sound effect: grinding gears (AudioSet 'Gears').
fan,sound_effect,passt.Mechanical fan,+,clap_general.fan,muq.fan,classifier,sparse,top 250 by score vs bottom 25% of population,sfx,1300,sfx,48,,hard,the sound of a whirring fan,silence,Sound effect: a whirring fan (AudioSet 'Mechanical fan').
chainsaw,sound_effect,passt.Chainsaw,+,clap_general.chainsaw,muq.chainsaw,classifier,sparse,top 250 by score vs bottom 25% of population,sfx,1300,sfx,48,,hard,the sound of a chainsaw,silence,Sound effect: a chainsaw (AudioSet 'Chainsaw').
power_drill,sound_effect,passt.Drill,+,clap_general.power_drill,muq.power_drill,classifier,sparse,top 250 by score vs bottom 25% of population,sfx,1300,sfx,48,,hard,the sound of a power drill,silence,Sound effect: a power drill (AudioSet 'Drill').
jackhammer,sound_effect,passt.Jackhammer,+,clap_general.jackhammer,muq.jackhammer,classifier,sparse,top 250 by score vs bottom 25% of population,sfx,1300,sfx,48,,hard,the sound of a jackhammer,silence,Sound effect: a jackhammer (AudioSet 'Jackhammer').
applause,sound_effect,passt.Applause,+,clap_general.applause,muq.applause,classifier,sparse,top 250 by score vs bottom 25% of population,sfx,1300,sfx,48,,medium,the sound of applause,silence,Sound effect: applause (AudioSet 'Applause').
cheering,sound_effect,passt.Cheering,+,clap_general.cheering,muq.cheering,classifier,sparse,top 250 by score vs bottom 25% of population,sfx,1300,sfx,48,,hard,the sound of a cheering crowd,silence,Sound effect: a cheering crowd (AudioSet 'Cheering').
crowd,sound_effect,passt.Crowd,+,clap_general.crowd,muq.crowd,classifier,sparse,top 250 by score vs bottom 25% of population,sfx,1300,sfx,47,,medium,the sound of a crowd murmuring,silence,Sound effect: a crowd murmuring (AudioSet 'Crowd').
children_playing,sound_effect,passt.Children playing,+,clap_general.children_playing,muq.children_playing,classifier,sparse,top 250 by score vs bottom 25% of population,sfx,1300,sfx,47,,hard,the sound of children playing,silence,Sound effect: children playing (AudioSet 'Children playing').
laughter,sound_effect,passt.Laughter,+,clap_general.laughter,muq.laughter,classifier,sparse,top 250 by score vs bottom 25% of population,sfx,1300,sfx,49,,hard,the sound of people laughing,silence,Sound effect: people laughing (AudioSet 'Laughter').
beep,sound_effect,"passt.Beep, bleep",+,clap_general.beep,muq.beep,classifier,sparse,top 250 by score vs bottom 25% of population,sfx,1300,sfx,47,,hard,the sound of electronic beeps,silence,"Sound effect: electronic beeps (AudioSet 'Beep, bleep')."
boing,sound_effect,passt.Boing,+,clap_general.boing,muq.boing,classifier,sparse,top 250 by score vs bottom 25% of population,sfx,1300,sfx,48,,hard,the sound of cartoon boings,silence,Sound effect: cartoon boings (AudioSet 'Boing').
sine_tone,sound_effect,passt.Sine wave,+,clap_general.sine_tone,muq.sine_tone,classifier,sparse,top 250 by score vs bottom 25% of population,sfx,1300,sfx,47,,hard,the sound of a pure sine tone,silence,Sound effect: a pure sine tone (AudioSet 'Sine wave').
white_noise,sound_effect,passt.White noise,+,clap_general.white_noise,muq.white_noise,classifier,sparse,top 250 by score vs bottom 25% of population,sfx,1300,sfx,47,,hard,the sound of white noise,silence,Sound effect: white noise (AudioSet 'White noise').
heartbeat,sound_effect,"passt.Heart sounds, heartbeat",+,clap_general.heartbeat,muq.heartbeat,classifier,sparse,top 250 by score vs bottom 25% of population,sfx,1300,sfx,48,,hard,the sound of a heartbeat,silence,"Sound effect: a heartbeat (AudioSet 'Heart sounds, heartbeat')."
creak,sound_effect,passt.Creak,+,clap_general.creak,muq.creak,classifier,sparse,top 250 by score vs bottom 25% of population,sfx,1300,sfx,47,,hard,the sound of a creaking door,silence,Sound effect: a creaking door (AudioSet 'Creak').
rumble,sound_effect,passt.Rumble,+,clap_general.rumble,muq.rumble,classifier,sparse,top 250 by score vs bottom 25% of population,sfx,1300,sfx,47,,hard,the sound of a low rumble,silence,Sound effect: a low rumble (AudioSet 'Rumble').
laser_zap,sound_effect,clap_general.laser_zap,+,muq.laser_zap,passt.Sound effect,text_only,sparse,top 250 by score vs bottom 25% of population,sfx,1300,sfx,47,,hard,the sound of sci-fi laser zaps,silence,Design sound 'sci-fi laser zaps'; no AudioSet class.
riser,sound_effect,clap_general.riser,+,muq.riser,passt.Sound effect,text_only,sparse,top 250 by score vs bottom 25% of population,sfx,1300,sfx,48,,hard,the sound of a cinematic riser,silence,Design sound 'a cinematic riser'; no AudioSet class.
impact_boom,sound_effect,clap_general.impact_boom,+,muq.impact_boom,passt.Sound effect,text_only,sparse,top 250 by score vs bottom 25% of population,sfx,1300,sfx,47,,hard,the sound of a cinematic boom impact,silence,Design sound 'a cinematic boom impact'; no AudioSet class.
glitch_sfx,sound_effect,clap_general.glitch_sfx,+,muq.glitch_sfx,passt.Sound effect,text_only,sparse,top 250 by score vs bottom 25% of population,sfx,1300,sfx,47,,hard,the sound of digital glitch noises,silence,Design sound 'digital glitch noises'; no AudioSet class.
ui_click,sound_effect,clap_general.ui_click,+,muq.ui_click,passt.Sound effect,text_only,sparse,top 250 by score vs bottom 25% of population,sfx,1300,sfx,48,,hard,the sound of interface clicks,silence,Design sound 'interface clicks'; no AudioSet class.
magic_sparkle,sound_effect,clap_general.magic_sparkle,+,muq.magic_sparkle,passt.Sound effect,text_only,sparse,top 250 by score vs bottom 25% of population,sfx,1300,sfx,48,,hard,the sound of magical sparkle chimes,silence,Design sound 'magical sparkle chimes'; no AudioSet class.
abs_spring,abstract,clap_music.abs_spring,+,muq.abs_spring,clap_general.abs_spring,text_only,sparse,top 250 by score vs bottom 25% of population,music,3700,music,48,,hard,music that evokes spring,music,Evokes 'spring'. Two text scorers only: needs a human spot check before shipping.
abs_summer,abstract,clap_music.abs_summer,+,muq.abs_summer,clap_general.abs_summer,text_only,sparse,top 250 by score vs bottom 25% of population,music,3700,music,53,,hard,music that evokes summer,music,Evokes 'summer'. Two text scorers only: needs a human spot check before shipping.
abs_autumn,abstract,clap_music.abs_autumn,+,muq.abs_autumn,clap_general.abs_autumn,text_only,sparse,top 250 by score vs bottom 25% of population,music,3700,music,48,,hard,music that evokes autumn,music,Evokes 'autumn'. Two text scorers only: needs a human spot check before shipping.
abs_winter,abstract,clap_music.abs_winter,+,muq.abs_winter,clap_general.abs_winter,text_only,sparse,top 250 by score vs bottom 25% of population,music,3700,music,49,,hard,music that evokes winter,music,Evokes 'winter'. Two text scorers only: needs a human spot check before shipping.
abs_dawn,abstract,clap_music.abs_dawn,+,muq.abs_dawn,clap_general.abs_dawn,text_only,sparse,top 250 by score vs bottom 25% of population,music,3700,music,48,,hard,music that evokes dawn,music,Evokes 'dawn'. Two text scorers only: needs a human spot check before shipping.
abs_sunset,abstract,clap_music.abs_sunset,+,muq.abs_sunset,clap_general.abs_sunset,text_only,sparse,top 250 by score vs bottom 25% of population,music,3700,music,49,,hard,music that evokes sunset,music,Evokes 'sunset'. Two text scorers only: needs a human spot check before shipping.
abs_midnight,abstract,clap_music.abs_midnight,+,muq.abs_midnight,clap_general.abs_midnight,text_only,sparse,top 250 by score vs bottom 25% of population,music,3700,music,49,,hard,music that evokes midnight,music,Evokes 'midnight'. Two text scorers only: needs a human spot check before shipping.
abs_rainy_day,abstract,clap_music.abs_rainy_day,+,muq.abs_rainy_day,clap_general.abs_rainy_day,text_only,sparse,top 250 by score vs bottom 25% of population,music,3700,music,47,,hard,music that evokes rainy day,music,Evokes 'rainy day'. Two text scorers only: needs a human spot check before shipping.
abs_snowfall,abstract,clap_music.abs_snowfall,+,muq.abs_snowfall,clap_general.abs_snowfall,text_only,sparse,top 250 by score vs bottom 25% of population,music,3700,music,49,,hard,music that evokes snowfall,music,Evokes 'snowfall'. Two text scorers only: needs a human spot check before shipping.
abs_storm,abstract,clap_music.abs_storm,+,muq.abs_storm,clap_general.abs_storm,text_only,sparse,top 250 by score vs bottom 25% of population,music,3700,music,48,,hard,music that evokes storm,music,Evokes 'storm'. Two text scorers only: needs a human spot check before shipping.
abs_underwater,abstract,clap_music.abs_underwater,+,muq.abs_underwater,clap_general.abs_underwater,text_only,sparse,top 250 by score vs bottom 25% of population,music,3700,music,48,,hard,music that evokes underwater,music,Evokes 'underwater'. Two text scorers only: needs a human spot check before shipping.
abs_outer_space,abstract,clap_music.abs_outer_space,+,muq.abs_outer_space,clap_general.abs_outer_space,text_only,sparse,top 250 by score vs bottom 25% of population,music,3700,music,49,,hard,music that evokes outer space,music,Evokes 'outer space'. Two text scorers only: needs a human spot check before shipping.
abs_desert,abstract,clap_music.abs_desert,+,muq.abs_desert,clap_general.abs_desert,text_only,sparse,top 250 by score vs bottom 25% of population,music,3700,music,49,,hard,music that evokes desert,music,Evokes 'desert'. Two text scorers only: needs a human spot check before shipping.
abs_forest,abstract,clap_music.abs_forest,+,muq.abs_forest,clap_general.abs_forest,text_only,sparse,top 250 by score vs bottom 25% of population,music,3700,music,51,,hard,music that evokes forest,music,Evokes 'forest'. Two text scorers only: needs a human spot check before shipping.
abs_city_at_night,abstract,clap_music.abs_city_at_night,+,muq.abs_city_at_night,clap_general.abs_city_at_night,text_only,sparse,top 250 by score vs bottom 25% of population,music,3700,music,48,,hard,music that evokes city at night,music,Evokes 'city at night'. Two text scorers only: needs a human spot check before shipping.
abs_cathedral,abstract,clap_music.abs_cathedral,+,muq.abs_cathedral,clap_general.abs_cathedral,text_only,sparse,top 250 by score vs bottom 25% of population,music,3700,music,49,,hard,music that evokes cathedral,music,Evokes 'cathedral'. Two text scorers only: needs a human spot check before shipping.
abs_cave,abstract,clap_music.abs_cave,+,muq.abs_cave,clap_general.abs_cave,text_only,sparse,top 250 by score vs bottom 25% of population,music,3700,music,48,,hard,music that evokes cave,music,Evokes 'cave'. Two text scorers only: needs a human spot check before shipping.
abs_beach,abstract,clap_music.abs_beach,+,muq.abs_beach,clap_general.abs_beach,text_only,sparse,top 250 by score vs bottom 25% of population,music,3700,music,49,,hard,music that evokes beach,music,Evokes 'beach'. Two text scorers only: needs a human spot check before shipping.
abs_jungle,abstract,clap_music.abs_jungle,+,muq.abs_jungle,clap_general.abs_jungle,text_only,sparse,top 250 by score vs bottom 25% of population,music,3700,music,48,,hard,music that evokes jungle,music,Evokes 'jungle'. Two text scorers only: needs a human spot check before shipping.
abs_cyberpunk_city,abstract,clap_music.abs_cyberpunk_city,+,muq.abs_cyberpunk_city,clap_general.abs_cyberpunk_city,text_only,sparse,top 250 by score vs bottom 25% of population,music,3700,music,48,,hard,music that evokes cyberpunk city,music,Evokes 'cyberpunk city'. Two text scorers only: needs a human spot check before shipping.
abs_haunted_house,abstract,clap_music.abs_haunted_house,+,muq.abs_haunted_house,clap_general.abs_haunted_house,text_only,sparse,top 250 by score vs bottom 25% of population,music,3700,music,48,,hard,music that evokes haunted house,music,Evokes 'haunted house'. Two text scorers only: needs a human spot check before shipping.
abs_carnival,abstract,clap_music.abs_carnival,+,muq.abs_carnival,clap_general.abs_carnival,text_only,sparse,top 250 by score vs bottom 25% of population,music,3700,music,49,,hard,music that evokes carnival,music,Evokes 'carnival'. Two text scorers only: needs a human spot check before shipping.
abs_train_journey,abstract,clap_music.abs_train_journey,+,muq.abs_train_journey,clap_general.abs_train_journey,text_only,sparse,top 250 by score vs bottom 25% of population,music,3700,music,48,,hard,music that evokes train journey,music,Evokes 'train journey'. Two text scorers only: needs a human spot check before shipping.
abs_nightclub,abstract,clap_music.abs_nightclub,+,muq.abs_nightclub,clap_general.abs_nightclub,text_only,sparse,top 250 by score vs bottom 25% of population,music,3700,music,48,,hard,music that evokes nightclub,music,Evokes 'nightclub'. Two text scorers only: needs a human spot check before shipping.
abs_countryside,abstract,clap_music.abs_countryside,+,muq.abs_countryside,clap_general.abs_countryside,text_only,sparse,top 250 by score vs bottom 25% of population,music,3700,music,48,,hard,music that evokes countryside,music,Evokes 'countryside'. Two text scorers only: needs a human spot check before shipping.
abs_ancient_ruins,abstract,clap_music.abs_ancient_ruins,+,muq.abs_ancient_ruins,clap_general.abs_ancient_ruins,text_only,sparse,top 250 by score vs bottom 25% of population,music,3700,music,48,,hard,music that evokes ancient ruins,music,Evokes 'ancient ruins'. Two text scorers only: needs a human spot check before shipping.
abs_1950s,abstract,clap_music.abs_1950s,+,muq.abs_1950s,clap_general.abs_1950s,text_only,sparse,top 250 by score vs bottom 25% of population,music,3700,music,48,,hard,music that evokes 1950s,music,Evokes '1950s'. Two text scorers only: needs a human spot check before shipping.
abs_1970s,abstract,clap_music.abs_1970s,+,muq.abs_1970s,clap_general.abs_1970s,text_only,sparse,top 250 by score vs bottom 25% of population,music,3700,music,48,,hard,music that evokes 1970s,music,Evokes '1970s'. Two text scorers only: needs a human spot check before shipping.
abs_1980s,abstract,clap_music.abs_1980s,+,muq.abs_1980s,clap_general.abs_1980s,text_only,sparse,top 250 by score vs bottom 25% of population,music,3700,music,48,,hard,music that evokes 1980s,music,Evokes '1980s'. Two text scorers only: needs a human spot check before shipping.
abs_1990s,abstract,clap_music.abs_1990s,+,muq.abs_1990s,clap_general.abs_1990s,text_only,sparse,top 250 by score vs bottom 25% of population,music,3700,music,48,,hard,music that evokes 1990s,music,Evokes '1990s'. Two text scorers only: needs a human spot check before shipping.
abs_futuristic,abstract,clap_music.abs_futuristic,+,muq.abs_futuristic,clap_general.abs_futuristic,text_only,sparse,top 250 by score vs bottom 25% of population,music,3700,music,51,,hard,music that evokes futuristic,music,Evokes 'futuristic'. Two text scorers only: needs a human spot check before shipping.
abs_retro,abstract,clap_music.abs_retro,+,muq.abs_retro,clap_general.abs_retro,text_only,sparse,top 250 by score vs bottom 25% of population,music,3700,music,55,,hard,music that evokes retro,music,Evokes 'retro'. Two text scorers only: needs a human spot check before shipping.
abs_medieval,abstract,clap_music.abs_medieval,+,muq.abs_medieval,clap_general.abs_medieval,text_only,sparse,top 250 by score vs bottom 25% of population,music,3700,music,48,,hard,music that evokes medieval,music,Evokes 'medieval'. Two text scorers only: needs a human spot check before shipping.
abs_ancient,abstract,clap_music.abs_ancient,+,muq.abs_ancient,clap_general.abs_ancient,text_only,sparse,top 250 by score vs bottom 25% of population,music,3700,music,49,,hard,music that evokes ancient,music,Evokes 'ancient'. Two text scorers only: needs a human spot check before shipping.
abs_blue,abstract,clap_music.abs_blue,+,muq.abs_blue,clap_general.abs_blue,text_only,sparse,top 250 by score vs bottom 25% of population,music,3700,music,48,,hard,music that evokes blue,music,Evokes 'blue'. Two text scorers only: needs a human spot check before shipping.
abs_golden,abstract,clap_music.abs_golden,+,muq.abs_golden,clap_general.abs_golden,text_only,sparse,top 250 by score vs bottom 25% of population,music,3700,music,49,,hard,music that evokes golden,music,Evokes 'golden'. Two text scorers only: needs a human spot check before shipping.
abs_neon,abstract,clap_music.abs_neon,+,muq.abs_neon,clap_general.abs_neon,text_only,sparse,top 250 by score vs bottom 25% of population,music,3700,music,50,,hard,music that evokes neon,music,Evokes 'neon'. Two text scorers only: needs a human spot check before shipping.
abs_cosmic,abstract,clap_music.abs_cosmic,+,muq.abs_cosmic,clap_general.abs_cosmic,text_only,sparse,top 250 by score vs bottom 25% of population,music,3700,music,48,,hard,music that evokes cosmic,music,Evokes 'cosmic'. Two text scorers only: needs a human spot check before shipping.
abs_industrial,abstract,clap_music.abs_industrial,+,muq.abs_industrial,clap_general.abs_industrial,text_only,sparse,top 250 by score vs bottom 25% of population,music,3700,music,49,,hard,music that evokes industrial,music,Evokes 'industrial'. Two text scorers only: needs a human spot check before shipping.
abs_pastoral,abstract,clap_music.abs_pastoral,+,muq.abs_pastoral,clap_general.abs_pastoral,text_only,sparse,top 250 by score vs bottom 25% of population,music,3700,music,48,,hard,music that evokes pastoral,music,Evokes 'pastoral'. Two text scorers only: needs a human spot check before shipping.
abs_tropical,abstract,clap_music.abs_tropical,+,muq.abs_tropical,clap_general.abs_tropical,text_only,sparse,top 250 by score vs bottom 25% of population,music,3700,music,53,,hard,music that evokes tropical,music,Evokes 'tropical'. Two text scorers only: needs a human spot check before shipping.
abs_mechanical,abstract,clap_music.abs_mechanical,+,muq.abs_mechanical,clap_general.abs_mechanical,text_only,sparse,top 250 by score vs bottom 25% of population,music,3700,music,49,,hard,music that evokes mechanical,music,Evokes 'mechanical'. Two text scorers only: needs a human spot check before shipping.
abs_alien,abstract,clap_music.abs_alien,+,muq.abs_alien,clap_general.abs_alien,text_only,sparse,top 250 by score vs bottom 25% of population,music,3700,music,47,,hard,music that evokes alien,music,Evokes 'alien'. Two text scorers only: needs a human spot check before shipping.
abs_cinematic,abstract,clap_music.abs_cinematic,+,muq.abs_cinematic,clap_general.abs_cinematic,text_only,sparse,top 250 by score vs bottom 25% of population,music,3700,music,58,,hard,music that evokes cinematic,music,Evokes 'cinematic'. Two text scorers only: needs a human spot check before shipping.
abs_road_trip,abstract,clap_music.abs_road_trip,+,muq.abs_road_trip,clap_general.abs_road_trip,text_only,sparse,top 250 by score vs bottom 25% of population,music,3700,music,48,,hard,music that evokes road trip,music,Evokes 'road trip'. Two text scorers only: needs a human spot check before shipping.
