{
  "tag": "w8a8_absmax",
  "engine_size_mb": 4348.733548,
  "cosine_sim_avg": 0.9694892019033432,
  "max_abs_diff_peak": 6.4375,
  "mean_abs_diff_avg": 0.18100671842694283,
  "tick_latency_ms": {
    "bf16_mean": 135.54953802376986,
    "fp8_mean": 89.86987999640405,
    "fp8_p10": 89.38919985666871,
    "fp8_p90": 90.64189996570349
  },
  "speedup_vs_bf16": 1.5082866253876557,
  "matmul_counts": {
    "total_matmul_in_graph": 482,
    "weight_quantized": 353,
    "activation_qdq_pairs": 193,
    "smoothquant_applied": 0,
    "unmatched_weight_inits": 3
  },
  "smoothquant_alpha": 0.0,
  "activation_percentile": "absmax"
}