{
  "tag": "w8a8_skip5_p999_cal2",
  "engine_size_mb": 6703.628116,
  "cosine_sim_avg": 0.7381865903735161,
  "max_abs_diff_peak": 8.7392578125,
  "mean_abs_diff_avg": 0.5884123593568802,
  "tick_latency_ms": {
    "bf16_mean": 135.8053419739008,
    "fp8_mean": 119.80667802505195,
    "fp8_p10": 118.27890016138554,
    "fp8_p90": 121.50029977783561
  },
  "speedup_vs_bf16": 1.1335373304107763,
  "matmul_counts": {
    "total_matmul_in_graph": 482,
    "weight_quantized": 353,
    "activation_qdq_pairs": 79,
    "smoothquant_applied": 0,
    "unmatched_weight_inits": 3
  },
  "smoothquant_alpha": 0.0,
  "activation_percentile": "p99_9"
}