{
  "tag": "w8a8_absmax_cal2_attn_g100",
  "engine_size_mb": 4317.185308,
  "cosine_sim_avg": 0.9179656356573105,
  "max_abs_diff_peak": 7.390625,
  "mean_abs_diff_avg": 0.3113427124917507,
  "tick_latency_ms": {
    "bf16_mean": 136.00487802177668,
    "fp8_mean": 83.64113002084196,
    "fp8_p10": 82.6304997317493,
    "fp8_p90": 84.76179977878928
  },
  "speedup_vs_bf16": 1.626052612965494,
  "matmul_counts": {
    "total_matmul_in_graph": 482,
    "weight_quantized": 353,
    "activation_qdq_pairs": 193,
    "smoothquant_applied": 0,
    "unmatched_weight_inits": 3
  },
  "smoothquant_alpha": 0.0,
  "activation_percentile": "absmax"
}