{
  "tag": "w8a8_absmax_cal2",
  "engine_size_mb": 4348.704788,
  "cosine_sim_avg": 0.9717541188001633,
  "max_abs_diff_peak": 6.8671875,
  "mean_abs_diff_avg": 0.17509686574339867,
  "tick_latency_ms": {
    "bf16_mean": 135.93644195236266,
    "fp8_mean": 89.64146004989743,
    "fp8_p10": 88.70999980717897,
    "fp8_p90": 90.9429001621902
  },
  "speedup_vs_bf16": 1.5164460939915068,
  "matmul_counts": {
    "total_matmul_in_graph": 482,
    "weight_quantized": 353,
    "activation_qdq_pairs": 193,
    "smoothquant_applied": 0,
    "unmatched_weight_inits": 3
  },
  "smoothquant_alpha": 0.0,
  "activation_percentile": "absmax"
}