{
  "label": "B (minmax calib, no pinning)",
  "int8_engine": "C:\\Users\\ryanf\\.daydream-scope\\models\\demon\\trt_engines\\vae_decode_int8_60s_minmax\\vae_decode_int8_60s_minmax.engine",
  "fp16_engine": "C:\\Users\\ryanf\\.daydream-scope\\models\\demon\\trt_engines\\vae_decode_fp16_60s\\vae_decode_fp16_60s.engine",
  "engine_size_mb": 250.444116,
  "chunk_frames": 1500,
  "runs": 5,
  "synthetic": {
    "pt": {
      "median_ms": 167.33630001544952,
      "peak_alloc_gb": 10.62325248
    },
    "fp16": {
      "median_ms": 54.770000046119094,
      "peak_alloc_gb": 6.621028864,
      "mse_vs_pt": 3.456802460277686e-06
    },
    "int8": {
      "median_ms": 34.7806999925524,
      "peak_alloc_gb": 6.644068864,
      "mse_vs_pt": 0.0015261612134054303
    },
    "fp16_vs_int8": {
      "rmse": 0.03883548825979233,
      "psnr_db": 29.017020598450074
    }
  },
  "wav_roundtrip": {
    "wav": "tests/fixtures/inside_confusion.wav",
    "samples": 2880000,
    "decode": {
      "pt": {
        "median_ms": 163.85510005056858,
        "peak_alloc_gb": 10.826786304
      },
      "fp16": {
        "median_ms": 54.72350004129112,
        "peak_alloc_gb": 6.826502144,
        "mse_vs_pt": 5.354124823497841e-06
      },
      "int8": {
        "median_ms": 32.81469992361963,
        "peak_alloc_gb": 6.849542144,
        "mse_vs_pt": 0.0023388334084302187
      }
    },
    "vs_original_audio": {
      "pt": {
        "rmse": 0.07311069965362549,
        "psnr_db": 18.093677868265303
      },
      "fp16": {
        "rmse": 0.07301351428031921,
        "psnr_db": 18.105231621455317
      },
      "int8": {
        "rmse": 0.09088071435689926,
        "psnr_db": 16.20386202684544
      }
    },
    "fp16_vs_int8": {
      "rmse": 0.048374567180871964,
      "psnr_db": 25.54108454909876
    }
  }
}