{
  "label": "D (entropy calib + pin first+last conv to fp16)",
  "int8_engine": "C:\\Users\\ryanf\\.daydream-scope\\models\\demon\\trt_engines\\vae_decode_int8_60s_combined\\vae_decode_int8_60s_combined.engine",
  "fp16_engine": "C:\\Users\\ryanf\\.daydream-scope\\models\\demon\\trt_engines\\vae_decode_fp16_60s\\vae_decode_fp16_60s.engine",
  "engine_size_mb": 250.96394,
  "chunk_frames": 1500,
  "runs": 5,
  "synthetic": {
    "pt": {
      "median_ms": 159.12580001167953,
      "peak_alloc_gb": 10.62325248
    },
    "fp16": {
      "median_ms": 53.99330006912351,
      "peak_alloc_gb": 6.621028864,
      "mse_vs_pt": 3.456802460277686e-06
    },
    "int8": {
      "median_ms": 34.18309986591339,
      "peak_alloc_gb": 6.644068864,
      "mse_vs_pt": 0.0009432591032236814
    },
    "fp16_vs_int8": {
      "rmse": 0.030529219657182693,
      "psnr_db": 31.107281919503063
    }
  },
  "wav_roundtrip": {
    "wav": "tests/fixtures/inside_confusion.wav",
    "samples": 2880000,
    "decode": {
      "pt": {
        "median_ms": 159.10420008003712,
        "peak_alloc_gb": 10.826786304
      },
      "fp16": {
        "median_ms": 54.56870002672076,
        "peak_alloc_gb": 6.826502144,
        "mse_vs_pt": 5.354124823497841e-06
      },
      "int8": {
        "median_ms": 35.07740003988147,
        "peak_alloc_gb": 6.849542144,
        "mse_vs_pt": 0.002231435151770711
      }
    },
    "vs_original_audio": {
      "pt": {
        "rmse": 0.07311069965362549,
        "psnr_db": 18.093677868265303
      },
      "fp16": {
        "rmse": 0.07301351428031921,
        "psnr_db": 18.105231621455317
      },
      "int8": {
        "rmse": 0.07354075461626053,
        "psnr_db": 18.04273503009157
      }
    },
    "fp16_vs_int8": {
      "rmse": 0.047171201556921005,
      "psnr_db": 25.759887618262663
    }
  }
}