{
  "label": "G1 (modelopt percentile-99.999, 32 latents)",
  "int8_engine": "C:\\Users\\ryanf\\.daydream-scope\\models\\demon\\trt_engines\\vae_decode_int8_60s_modelopt_pct32\\vae_decode_int8_60s_modelopt_pct32.engine",
  "fp16_engine": "C:\\Users\\ryanf\\.daydream-scope\\models\\demon\\trt_engines\\vae_decode_fp16_60s\\vae_decode_fp16_60s.engine",
  "engine_size_mb": 87.829604,
  "chunk_frames": 1500,
  "runs": 5,
  "synthetic": {
    "pt": {
      "median_ms": 159.973899833858,
      "peak_alloc_gb": 10.62325248
    },
    "fp16": {
      "median_ms": 54.18850015848875,
      "peak_alloc_gb": 6.621028864,
      "mse_vs_pt": 3.456802460277686e-06
    },
    "int8": {
      "median_ms": 78.6703999619931,
      "peak_alloc_gb": 6.644068864,
      "mse_vs_pt": 0.00034612370654940605
    },
    "fp16_vs_int8": {
      "rmse": 0.01839875616133213,
      "psnr_db": 35.505826717599945
    }
  },
  "wav_roundtrip": {
    "wav": "tests/fixtures/inside_confusion.wav",
    "samples": 2880000,
    "decode": {
      "pt": {
        "median_ms": 159.6788999158889,
        "peak_alloc_gb": 10.826786304
      },
      "fp16": {
        "median_ms": 54.34299982152879,
        "peak_alloc_gb": 6.826502144,
        "mse_vs_pt": 5.354124823497841e-06
      },
      "int8": {
        "median_ms": 79.00139992125332,
        "peak_alloc_gb": 6.849542144,
        "mse_vs_pt": 0.0005605187034234405
      }
    },
    "vs_original_audio": {
      "pt": {
        "rmse": 0.07311069965362549,
        "psnr_db": 18.093677868265303
      },
      "fp16": {
        "rmse": 0.07301351428031921,
        "psnr_db": 18.105231621455317
      },
      "int8": {
        "rmse": 0.07575812190771103,
        "psnr_db": 17.784712675026373
      }
    },
    "fp16_vs_int8": {
      "rmse": 0.023698914796113968,
      "psnr_db": 31.738857203984114
    }
  }
}