{
  "label": "H (hybrid: G2 scales + TRT-native build)",
  "int8_engine": "C:\\Users\\ryanf\\.daydream-scope\\models\\demon\\trt_engines\\vae_decode_int8_60s_hybrid\\vae_decode_int8_60s_hybrid.engine",
  "fp16_engine": "C:\\Users\\ryanf\\.daydream-scope\\models\\demon\\trt_engines\\vae_decode_fp16_60s\\vae_decode_fp16_60s.engine",
  "engine_size_mb": 341.334996,
  "chunk_frames": 1500,
  "runs": 5,
  "synthetic": {
    "pt": {
      "median_ms": 165.65879993140697,
      "peak_alloc_gb": 10.62325248
    },
    "fp16": {
      "median_ms": 55.87409995496273,
      "peak_alloc_gb": 6.621028864,
      "mse_vs_pt": 3.456802460277686e-06
    },
    "int8": {
      "median_ms": 34.22949998639524,
      "peak_alloc_gb": 6.644068864,
      "mse_vs_pt": 0.0012416024692356586
    },
    "fp16_vs_int8": {
      "rmse": 0.03516944497823715,
      "psnr_db": 29.878285700186144
    }
  },
  "wav_roundtrip": {
    "wav": "tests/fixtures/inside_confusion.wav",
    "samples": 2880000,
    "decode": {
      "pt": {
        "median_ms": 172.5539001636207,
        "peak_alloc_gb": 10.826786304
      },
      "fp16": {
        "median_ms": 58.34790016524494,
        "peak_alloc_gb": 6.826502144,
        "mse_vs_pt": 5.354124823497841e-06
      },
      "int8": {
        "median_ms": 35.06690007634461,
        "peak_alloc_gb": 6.849542144,
        "mse_vs_pt": 0.002812399994581938
      }
    },
    "vs_original_audio": {
      "pt": {
        "rmse": 0.07311069965362549,
        "psnr_db": 18.093677868265303
      },
      "fp16": {
        "rmse": 0.07301351428031921,
        "psnr_db": 18.105231621455317
      },
      "int8": {
        "rmse": 0.07296843826770782,
        "psnr_db": 18.11059564456195
      }
    },
    "fp16_vs_int8": {
      "rmse": 0.05291033163666725,
      "psnr_db": 24.76261672209954
    }
  }
}