{
  "bench_ms": {
    "bf16": 135.27373000979424,
    "nvfp4": 68.19746666587889,
    "fp8_slow": 84.10394666716456
  },
  "speedup_vs_bf16": {
    "bf16": 1.0,
    "nvfp4": 1.9835594578980964,
    "fp8_slow": 1.6084112026886261
  }
}