{
  "_meta": {
    "tensorrt": "10.13.3.9.post1",
    "torch": "2.9.1+cu128",
    "device": "NVIDIA GeForce RTX 5090",
    "tag": "trt10_13",
    "seed": 1528
  },
  "decoder_B1_T750_E200": {
    "count": 30,
    "mean_ms": 8.620866620913148,
    "min_ms": 8.413299918174744,
    "max_ms": 9.216300211846828,
    "p50_ms": 8.554799947887659,
    "p95_ms": 9.022524929605424,
    "alloc_gib": 0.0031843185424804688,
    "reserved_gib": 0.021484375,
    "shape_in": [
      1,
      750,
      64
    ],
    "shape_out": [
      1,
      750,
      64
    ],
    "dtype_out": "torch.float16"
  },
  "decoder_B8_T750_E200": {
    "count": 30,
    "mean_ms": 41.91002668812871,
    "min_ms": 40.604600217193365,
    "max_ms": 43.180800043046474,
    "p50_ms": 41.88330005854368,
    "p95_ms": 42.92080521117896,
    "alloc_gib": 0.02666187286376953,
    "reserved_gib": 0.04296875,
    "shape_in": [
      8,
      750,
      64
    ],
    "shape_out": [
      8,
      750,
      64
    ],
    "dtype_out": "torch.float16"
  },
  "decoder_B8_T1500_E200": {
    "count": 30,
    "mean_ms": 79.94473995640874,
    "min_ms": 79.08010017126799,
    "max_ms": 80.99039969965816,
    "p50_ms": 79.96164984069765,
    "p95_ms": 80.47467500437051,
    "alloc_gib": 0.04336690902709961,
    "reserved_gib": 0.056640625,
    "shape_in": [
      8,
      1500,
      64
    ],
    "shape_out": [
      8,
      1500,
      64
    ],
    "dtype_out": "torch.float16"
  },
  "vae_decode_T750": {
    "count": 15,
    "mean_ms": 30.572493374347687,
    "min_ms": 30.14269983395934,
    "max_ms": 31.594099942594767,
    "p50_ms": 30.66940000280738,
    "p95_ms": 31.16100998595357,
    "alloc_gib": 0.03236532211303711,
    "reserved_gib": 0.046875,
    "shape_in": [
      1,
      64,
      750
    ],
    "shape_out": [
      1,
      2,
      1440000
    ]
  },
  "vae_decode_T1500": {
    "count": 15,
    "mean_ms": 55.55622667695085,
    "min_ms": 54.063400253653526,
    "max_ms": 57.02209984883666,
    "p50_ms": 55.68429967388511,
    "p95_ms": 56.45845979452133,
    "alloc_gib": 0.06481075286865234,
    "reserved_gib": 0.06640625,
    "shape_in": [
      1,
      64,
      1500
    ],
    "shape_out": [
      1,
      2,
      2880000
    ]
  },
  "vae_encode_30s": {
    "count": 15,
    "mean_ms": 31.526026719560225,
    "min_ms": 30.804399866610765,
    "max_ms": 32.573699951171875,
    "p50_ms": 31.400100328028202,
    "p95_ms": 32.32940020971,
    "alloc_gib": 0.033286094665527344,
    "reserved_gib": 0.044921875,
    "shape_in": [
      1,
      2,
      1440000
    ],
    "shape_out": [
      1,
      64,
      750
    ]
  },
  "vae_encode_60s": {
    "count": 15,
    "mean_ms": 55.824126644680895,
    "min_ms": 54.90320036187768,
    "max_ms": 56.6732999868691,
    "p50_ms": 56.030900217592716,
    "p95_ms": 56.55968985520303,
    "alloc_gib": 0.04511451721191406,
    "reserved_gib": 0.046875,
    "shape_in": [
      1,
      2,
      2880000
    ],
    "shape_out": [
      1,
      64,
      1500
    ]
  }
}