{
  "_meta": {
    "tensorrt": "10.16.1.11",
    "torch": "2.9.1+cu128",
    "device": "NVIDIA GeForce RTX 5090",
    "tag": "trt10_16_dec",
    "seed": 1528
  },
  "decoder_B1_T750_E200": {
    "count": 30,
    "mean_ms": 8.415909965212146,
    "min_ms": 8.25509987771511,
    "max_ms": 8.832999970763922,
    "p50_ms": 8.35210015065968,
    "p95_ms": 8.790359972044826,
    "alloc_gib": 0.0031843185424804688,
    "reserved_gib": 0.021484375,
    "shape_in": [
      1,
      750,
      64
    ],
    "shape_out": [
      1,
      750,
      64
    ],
    "dtype_out": "torch.float16"
  },
  "decoder_B8_T750_E200": {
    "count": 30,
    "mean_ms": 40.76754668106636,
    "min_ms": 39.912099950015545,
    "max_ms": 41.99019959196448,
    "p50_ms": 40.87020014412701,
    "p95_ms": 41.532240086235106,
    "alloc_gib": 0.02666187286376953,
    "reserved_gib": 0.04296875,
    "shape_in": [
      8,
      750,
      64
    ],
    "shape_out": [
      8,
      750,
      64
    ],
    "dtype_out": "torch.float16"
  },
  "decoder_B8_T1500_E200": {
    "count": 30,
    "mean_ms": 77.529100018243,
    "min_ms": 76.42449997365475,
    "max_ms": 78.31369992345572,
    "p50_ms": 77.58285012096167,
    "p95_ms": 78.13374996185303,
    "alloc_gib": 0.04336690902709961,
    "reserved_gib": 0.056640625,
    "shape_in": [
      8,
      1500,
      64
    ],
    "shape_out": [
      8,
      1500,
      64
    ],
    "dtype_out": "torch.float16"
  }
}